--
-- PostgreSQL database dump
--

-- Dumped from database version 14.11 (Ubuntu 14.11-0ubuntu0.22.04.1)
-- Dumped by pg_dump version 14.11 (Ubuntu 14.11-0ubuntu0.22.04.1)

SET statement_timeout = 0;
SET lock_timeout = 0;
SET idle_in_transaction_session_timeout = 0;
SET client_encoding = 'UTF8';
SET standard_conforming_strings = on;
SELECT pg_catalog.set_config('search_path', '', false);
SET check_function_bodies = false;
SET xmloption = content;
SET client_min_messages = warning;
SET row_security = off;

SET default_tablespace = '';

SET default_table_access_method = heap;

--
-- Name: abilities; Type: TABLE; Schema: public; Owner: postgres
--

CREATE TABLE public.abilities (
    ability_id integer NOT NULL,
    ability_name character varying NOT NULL
);


ALTER TABLE public.abilities OWNER TO postgres;

--
-- Name: abilities_ability_id_seq; Type: SEQUENCE; Schema: public; Owner: postgres
--

CREATE SEQUENCE public.abilities_ability_id_seq
    AS integer
    START WITH 1
    INCREMENT BY 1
    NO MINVALUE
    NO MAXVALUE
    CACHE 1;


ALTER TABLE public.abilities_ability_id_seq OWNER TO postgres;

--
-- Name: abilities_ability_id_seq; Type: SEQUENCE OWNED BY; Schema: public; Owner: postgres
--

ALTER SEQUENCE public.abilities_ability_id_seq OWNED BY public.abilities.ability_id;


--
-- Name: poke_users; Type: TABLE; Schema: public; Owner: postgres
--

CREATE TABLE public.poke_users (
    user_id integer NOT NULL,
    user_name character varying NOT NULL,
    user_totem_pokemon integer,
    user_password text NOT NULL,
    user_role integer
);


ALTER TABLE public.poke_users OWNER TO postgres;

--
-- Name: poke_users_user_id_seq; Type: SEQUENCE; Schema: public; Owner: postgres
--

CREATE SEQUENCE public.poke_users_user_id_seq
    AS integer
    START WITH 1
    INCREMENT BY 1
    NO MINVALUE
    NO MAXVALUE
    CACHE 1;


ALTER TABLE public.poke_users_user_id_seq OWNER TO postgres;

--
-- Name: poke_users_user_id_seq; Type: SEQUENCE OWNED BY; Schema: public; Owner: postgres
--

ALTER SEQUENCE public.poke_users_user_id_seq OWNED BY public.poke_users.user_id;


--
-- Name: pokemon_abilities; Type: TABLE; Schema: public; Owner: postgres
--

CREATE TABLE public.pokemon_abilities (
    pokemon_id integer NOT NULL,
    ability_id integer NOT NULL
);


ALTER TABLE public.pokemon_abilities OWNER TO postgres;

--
-- Name: pokemon_details; Type: TABLE; Schema: public; Owner: postgres
--

CREATE TABLE public.pokemon_details (
    pokemon_id integer NOT NULL,
    pokemon_photo text,
    pokemon_height double precision,
    pokemon_weight double precision,
    pokemon_breed_period integer,
    pokemon_sex_ratio character varying,
    pokemon_total_amount integer,
    pokemon_shine integer,
    pokemon_rarity double precision
);


ALTER TABLE public.pokemon_details OWNER TO postgres;

--
-- Name: pokemon_stats; Type: TABLE; Schema: public; Owner: postgres
--

CREATE TABLE public.pokemon_stats (
    pokemon_id integer NOT NULL,
    pokemon_health integer,
    pokemon_attack integer,
    pokemon_defence integer,
    pokemon_speed integer,
    pokemon_special_attack integer,
    pokemon_special_defence integer,
    pokemon_total_sum integer
);


ALTER TABLE public.pokemon_stats OWNER TO postgres;

--
-- Name: pokemon_types; Type: TABLE; Schema: public; Owner: postgres
--

CREATE TABLE public.pokemon_types (
    type_id integer NOT NULL,
    type_title character varying NOT NULL
);


ALTER TABLE public.pokemon_types OWNER TO postgres;

--
-- Name: pokemon_types_type_id_seq; Type: SEQUENCE; Schema: public; Owner: postgres
--

CREATE SEQUENCE public.pokemon_types_type_id_seq
    AS integer
    START WITH 1
    INCREMENT BY 1
    NO MINVALUE
    NO MAXVALUE
    CACHE 1;


ALTER TABLE public.pokemon_types_type_id_seq OWNER TO postgres;

--
-- Name: pokemon_types_type_id_seq; Type: SEQUENCE OWNED BY; Schema: public; Owner: postgres
--

ALTER SEQUENCE public.pokemon_types_type_id_seq OWNED BY public.pokemon_types.type_id;


--
-- Name: pokemons; Type: TABLE; Schema: public; Owner: postgres
--

CREATE TABLE public.pokemons (
    pokemon_id integer NOT NULL,
    pokemon_title character varying NOT NULL,
    pokemon_name character varying NOT NULL,
    pokemon_type integer,
    pokemon_xp_group integer
);


ALTER TABLE public.pokemons OWNER TO postgres;

--
-- Name: pokemons_pokemon_id_seq; Type: SEQUENCE; Schema: public; Owner: postgres
--

CREATE SEQUENCE public.pokemons_pokemon_id_seq
    AS integer
    START WITH 1
    INCREMENT BY 1
    NO MINVALUE
    NO MAXVALUE
    CACHE 1;


ALTER TABLE public.pokemons_pokemon_id_seq OWNER TO postgres;

--
-- Name: pokemons_pokemon_id_seq; Type: SEQUENCE OWNED BY; Schema: public; Owner: postgres
--

ALTER SEQUENCE public.pokemons_pokemon_id_seq OWNED BY public.pokemons.pokemon_id;


--
-- Name: pokemons_ratings; Type: TABLE; Schema: public; Owner: postgres
--

CREATE TABLE public.pokemons_ratings (
    rating_id integer NOT NULL,
    pokemon_id integer,
    user_id integer,
    rating integer NOT NULL
);


ALTER TABLE public.pokemons_ratings OWNER TO postgres;

--
-- Name: pokemons_ratings_rating_id_seq; Type: SEQUENCE; Schema: public; Owner: postgres
--

CREATE SEQUENCE public.pokemons_ratings_rating_id_seq
    AS integer
    START WITH 1
    INCREMENT BY 1
    NO MINVALUE
    NO MAXVALUE
    CACHE 1;


ALTER TABLE public.pokemons_ratings_rating_id_seq OWNER TO postgres;

--
-- Name: pokemons_ratings_rating_id_seq; Type: SEQUENCE OWNED BY; Schema: public; Owner: postgres
--

ALTER SEQUENCE public.pokemons_ratings_rating_id_seq OWNED BY public.pokemons_ratings.rating_id;


--
-- Name: roles; Type: TABLE; Schema: public; Owner: postgres
--

CREATE TABLE public.roles (
    role_id integer NOT NULL,
    role_title character varying NOT NULL
);


ALTER TABLE public.roles OWNER TO postgres;

--
-- Name: roles_role_id_seq; Type: SEQUENCE; Schema: public; Owner: postgres
--

CREATE SEQUENCE public.roles_role_id_seq
    AS integer
    START WITH 1
    INCREMENT BY 1
    NO MINVALUE
    NO MAXVALUE
    CACHE 1;


ALTER TABLE public.roles_role_id_seq OWNER TO postgres;

--
-- Name: roles_role_id_seq; Type: SEQUENCE OWNED BY; Schema: public; Owner: postgres
--

ALTER SEQUENCE public.roles_role_id_seq OWNED BY public.roles.role_id;


--
-- Name: user_activities; Type: TABLE; Schema: public; Owner: postgres
--

CREATE TABLE public.user_activities (
    activity_id integer NOT NULL,
    user_id integer,
    activity character varying NOT NULL,
    "timestamp" timestamp without time zone NOT NULL
);


ALTER TABLE public.user_activities OWNER TO postgres;

--
-- Name: user_activities_activity_id_seq; Type: SEQUENCE; Schema: public; Owner: postgres
--

CREATE SEQUENCE public.user_activities_activity_id_seq
    AS integer
    START WITH 1
    INCREMENT BY 1
    NO MINVALUE
    NO MAXVALUE
    CACHE 1;


ALTER TABLE public.user_activities_activity_id_seq OWNER TO postgres;

--
-- Name: user_activities_activity_id_seq; Type: SEQUENCE OWNED BY; Schema: public; Owner: postgres
--

ALTER SEQUENCE public.user_activities_activity_id_seq OWNED BY public.user_activities.activity_id;


--
-- Name: xp_groups; Type: TABLE; Schema: public; Owner: postgres
--

CREATE TABLE public.xp_groups (
    group_id integer NOT NULL,
    group_title character varying NOT NULL
);


ALTER TABLE public.xp_groups OWNER TO postgres;

--
-- Name: xp_groups_group_id_seq; Type: SEQUENCE; Schema: public; Owner: postgres
--

CREATE SEQUENCE public.xp_groups_group_id_seq
    AS integer
    START WITH 1
    INCREMENT BY 1
    NO MINVALUE
    NO MAXVALUE
    CACHE 1;


ALTER TABLE public.xp_groups_group_id_seq OWNER TO postgres;

--
-- Name: xp_groups_group_id_seq; Type: SEQUENCE OWNED BY; Schema: public; Owner: postgres
--

ALTER SEQUENCE public.xp_groups_group_id_seq OWNED BY public.xp_groups.group_id;


--
-- Name: abilities ability_id; Type: DEFAULT; Schema: public; Owner: postgres
--

ALTER TABLE ONLY public.abilities ALTER COLUMN ability_id SET DEFAULT nextval('public.abilities_ability_id_seq'::regclass);


--
-- Name: poke_users user_id; Type: DEFAULT; Schema: public; Owner: postgres
--

ALTER TABLE ONLY public.poke_users ALTER COLUMN user_id SET DEFAULT nextval('public.poke_users_user_id_seq'::regclass);


--
-- Name: pokemon_types type_id; Type: DEFAULT; Schema: public; Owner: postgres
--

ALTER TABLE ONLY public.pokemon_types ALTER COLUMN type_id SET DEFAULT nextval('public.pokemon_types_type_id_seq'::regclass);


--
-- Name: pokemons pokemon_id; Type: DEFAULT; Schema: public; Owner: postgres
--

ALTER TABLE ONLY public.pokemons ALTER COLUMN pokemon_id SET DEFAULT nextval('public.pokemons_pokemon_id_seq'::regclass);


--
-- Name: pokemons_ratings rating_id; Type: DEFAULT; Schema: public; Owner: postgres
--

ALTER TABLE ONLY public.pokemons_ratings ALTER COLUMN rating_id SET DEFAULT nextval('public.pokemons_ratings_rating_id_seq'::regclass);


--
-- Name: roles role_id; Type: DEFAULT; Schema: public; Owner: postgres
--

ALTER TABLE ONLY public.roles ALTER COLUMN role_id SET DEFAULT nextval('public.roles_role_id_seq'::regclass);


--
-- Name: user_activities activity_id; Type: DEFAULT; Schema: public; Owner: postgres
--

ALTER TABLE ONLY public.user_activities ALTER COLUMN activity_id SET DEFAULT nextval('public.user_activities_activity_id_seq'::regclass);


--
-- Name: xp_groups group_id; Type: DEFAULT; Schema: public; Owner: postgres
--

ALTER TABLE ONLY public.xp_groups ALTER COLUMN group_id SET DEFAULT nextval('public.xp_groups_group_id_seq'::regclass);


--
-- Data for Name: abilities; Type: TABLE DATA; Schema: public; Owner: postgres
--

COPY public.abilities (ability_id, ability_name) FROM stdin;
1	Разрыв шаблона
2	Яростное пламя
3	Прожорливость
4	Каменная голова
5	Восстановление урожая
6	Очистка поля
7	Мега-пушка
8	Изморось
9	Безразличие
10	Манипуляции сном
11	Режим дарумы
12	Панцирь-броня
13	Дельта-Поток
14	Снижение веса
15	Сортировка
16	Пастельная вуаль
17	Вспышка пламени
18	Твердый камень
19	Погоня за мячом
20	Сила ветра
21	Прилив гнева
22	Мультитип
23	Изменчивость
24	Снайпер
25	Фасеточность
26	Гибкость
27	Воплощение аспекта
28	Танцовщик
29	Липкий захват
30	Крылья бури
31	Призрачная кожа
32	Пропеченное тело
33	Жеватель
34	Раннее пробуждение
35	Нейрофорс
36	Туманная волна
37	Скалистый груз
38	Теравольт
39	Девятое небо
40	Система RKS
41	Техничность
42	Бронированный хвост
43	Стальные шипы
44	Боевая броня
45	Жидкая грязь
46	Таблетки Разрушения
47	Блуждающий дух
48	Хлопковый взрыв
49	Нейтрализующий газ
50	Сверхрост
51	Мощь Алхимии
52	Проскальзывание
53	Грубая кожа
54	Термический обмен
55	Плавный голос
56	Электрическая волна
57	Быстрое плаванье
58	Ледяная маска
59	Разлом Ауры
60	Голодный режим
61	Исконный океан
62	Бесстрашный меч
63	Забвение
64	Слежка
65	Суперсладкий сироп
66	Травяной щит
67	Слабая броня
68	Приёмник
69	Чудесный щит
70	Сосуд Разрушения
71	Цветочный покров
72	Снежные покровы
73	Детонация
74	Сметливость
75	Звезда победы
76	Солнечная сила
77	Сбор предметов
78	Неукротимость
79	Карманный вор
80	Вспышка ярости
81	Исцеление
82	Громоотвод
83	Дерзость
84	Паровой двигатель
85	Мульти-чешуя
86	Песчаная коса
87	Волшебная аура
88	Мертвое тело
89	Бессонница
90	Чудесная чешуя
91	Толстая кожа
92	Защёчный мешок
93	Беззащитность
94	Меч Разрушения
95	Всплеск
96	Кварк-двигатель
97	Любопытная медицина
98	Мрачное ржание
99	Беспощадность
100	Ядовитые колючки
101	Пропеллер
102	Экстренное отступление
103	Цельнометаллическое тело
104	Естественное исцеление
105	Оповещение
106	Анализ
107	Симбиоз
108	Травяная волна
109	Волшебное зеркало
110	Роение
111	Освобождение
112	Левитация
113	Порочность
114	Защитная пыльца
115	Огненное тело
116	Оворожение
117	Небесное благословение
118	Чародейство
119	Тёмная метка
120	Ускорение
121	Изменение цвета
122	Острый глаз
123	Концентрация
124	Ослепление
125	Землеед
126	Поглощение воды
127	Психическая волна
128	Увеличение веса
129	Мимикрия
130	Крепкие когти
131	Сбор мёда
132	Соперничество
133	Величие
134	Плюс
135	Раковина гнева
136	Собственный темп
137	Магмовая броня
138	Сёрфер
139	Крепкая челюсть
140	Бусины Разрушения
141	Адронный двигатель
142	Гальванизация
143	Травяная шкура
144	Командир
145	Лечение ядом
146	Хорошего понемногу
147	Окисление
148	Эффект споры
149	Предсказание погоды
150	Панк-рок
151	Токсичная цепь
152	Сила песка
153	Электроморфоз
154	Гидрирование
155	Наизнанку
156	Зеркальная броня
157	Аренная ловушка
158	Подъём духа
159	Тонированные линзы
160	Сверхудачливость
161	Мощное строение
162	Синхронизация
163	Призменный доспех
164	Давление
165	Аккумулятор
166	Водоотвод
167	Орихалковый пульс
168	Поднятие в воздух
169	Сладкий покров
170	Верховный Повелитель
171	Грубая сила
172	Поглотитель соков
173	Драконья пасть
174	Нервирование
175	Непоколебимость
176	Транзистор
177	Боевые узы
178	Песчаная гонка
179	Ледяная чешуя
180	Спутанные волосы
181	Мумия
182	Проклятое тело
183	Ярость от отравления
184	Очарование
185	Хлорофилл
186	Водяные покровы
187	Тёмная аура
188	Боец-одиночка
189	Стойкость
190	Суперсильные когти
191	Невидимый кулак
192	Родительские узы
193	Сухая кожа
194	Протосинтез
195	Непокорность
196	Либеро
197	Надзор
198	Стойкий аромат
199	Оппортунист
200	Поглощение электричества
201	Пустынные земли
202	Быстрые ноги
203	Пушистик
204	Заряд силы
205	Мицелий Могучий
206	Задерживание
207	Водный пузырь
208	Неуклюжесть
209	Сталевар
210	Сила воли
211	Звериная мощь
212	Опрометчивость
213	Зловоние
214	Большая сила
215	Чистая сила
216	Охлаждение
217	Глоток снаряда
218	Загрузка
219	Присоски
220	Омывка дождем
221	Ветрокрыл
222	Тера Сдвиг
223	Сердце правосудия
224	Маскировка
225	Регенерация
226	Сеятель семян
227	Теневой щит
228	Капитуляция
229	Минус
230	Чистое тело
231	Водное уплотнение
232	Косолапость
233	Белый дым
234	Ядовитое касание
235	Сбрасывание кожи
236	Волшебный щит
237	Нормализация
238	Дар цветов
239	Медленный старт
240	Ядовитые обломки
241	Пыленепроницаемость
242	Песчаный покров
243	Ленивость
244	Запугивание
245	Трусливость
246	Тера Оболочка
247	Воздушный замок
248	Меховой плащ
249	Набросок
250	Влажность
251	Самозванец
252	Свечение
253	Главная роль
254	Неистовство
255	Осушение
256	Щит бесстрашия
257	Очищающая соль
258	Суровый дух
259	Липкость
260	Разогрев мотора
261	Звуконепроницаемость
262	Статическое электричество
263	Предвидение
264	Иммунитет
265	Магнитное притяжение
266	Созревание
267	Ловкость
268	Ароматный покров
269	Ядовитый Кукловод
270	Выносливость
271	Адаптация
272	Тера Обнуление
273	Большие клевки
274	Сторожевая собака
275	Телепатия
276	Пуленепробиваемость
277	Проказник
278	Защита товарища
279	Единение
280	Леденящее ржание
281	Развитие навыка
282	Смена позиции
283	Энергичность
284	Фильтрация
285	Большой обхват
286	Единство
287	Стая
288	Нервозность
289	Снежная тревога
290	Бегство
291	Ледяное тело
292	Духовное око
293	Турбопламя
294	Горилла тактика
295	Путь героя
296	Железный кулак
297	Переменчивое настроение
298	Грязевой натиск
299	Простота
300	Жаропрочность
301	Бессознательность
302	Гостеприимство
303	Иллюзия
304	Пробуждение песков
305	Обыскивание
306	Состязательность
\.


--
-- Data for Name: poke_users; Type: TABLE DATA; Schema: public; Owner: postgres
--

COPY public.poke_users (user_id, user_name, user_totem_pokemon, user_password, user_role) FROM stdin;
2	Guest	1	0000	2
8	admin	255	$2b$12$IGq3rD/YTnJM.QFPDqBiQOWsr2qVNsdkuKMCC.eeLSZizZ.iNdLcy	1
12	pararam	478	$2b$12$FL1rHMWI0fCiFMDn3Ru06.325iEjkDw3qxJdp/kTOYpMALqfWlyIS	2
\.


--
-- Data for Name: pokemon_abilities; Type: TABLE DATA; Schema: public; Owner: postgres
--

COPY public.pokemon_abilities (pokemon_id, ability_id) FROM stdin;
1	50
1	185
2	91
3	2
3	76
4	130
5	255
6	95
6	220
7	7
8	25
8	159
9	271
10	188
11	3
11	283
11	91
12	3
12	283
12	91
13	262
13	82
14	82
15	82
16	262
16	82
17	262
17	82
18	262
18	82
19	82
20	262
20	82
21	262
21	82
22	82
23	82
24	82
25	262
25	82
26	262
26	82
27	262
27	82
28	262
28	82
29	138
30	72
30	298
31	72
31	298
32	72
32	289
33	72
33	289
34	242
34	180
34	152
35	242
35	180
35	152
36	77
36	41
36	288
37	77
37	130
37	174
38	77
38	41
38	174
39	248
39	41
39	288
40	244
40	17
40	4
41	244
41	17
41	4
42	64
43	210
43	188
43	78
44	265
44	189
44	142
45	265
45	189
45	142
46	265
46	189
46	142
47	290
47	16
47	263
48	290
48	16
48	263
49	3
49	136
49	225
132	112
50	249
50	136
50	225
51	12
52	78
52	83
53	234
53	3
53	51
54	234
54	3
54	51
55	182
56	119
57	190
57	12
57	171
58	261
58	262
58	73
59	261
59	262
59	73
60	305
60	5
61	182
61	82
61	4
62	112
62	49
62	36
63	192
64	158
64	6
64	291
65	168
66	244
66	21
66	33
212	62
67	244
67	21
67	33
68	244
68	21
68	33
69	1
70	126
70	12
70	154
71	290
71	271
71	263
72	130
73	264
73	91
73	3
74	306
75	195
76	254
77	78
78	89
79	2
79	305
80	1
81	100
81	126
81	9
82	97
82	136
82	225
83	152
84	100
84	57
84	244
85	41
86	281
87	123
87	122
87	79
88	67
88	182
89	76
90	304
91	82
92	120
93	57
94	77
94	3
94	202
95	77
95	3
95	202
96	116
97	109
98	214
99	284
100	215
101	244
102	139
103	171
104	116
105	149
106	149
107	149
108	277
109	109
110	216
111	168
112	130
113	112
114	112
115	61
116	201
117	13
118	164
119	164
120	164
121	263
121	241
122	263
122	241
123	238
124	83
125	152
126	271
127	289
128	123
129	112
130	112
131	112
133	112
134	164
134	275
1024	211
135	164
135	275
136	112
137	117
138	95
138	74
139	81
140	185
140	283
140	66
141	4
141	271
141	1
213	256
142	288
142	271
142	1
143	283
143	123
144	294
144	11
145	11
146	11
147	47
148	303
149	303
150	129
151	122
151	171
151	159
152	225
153	200
154	244
155	38
156	293
157	223
158	117
159	177
160	122
160	52
160	306
161	282
1025	211
162	172
162	12
162	259
163	172
163	12
163	259
164	77
164	305
164	89
165	77
165	305
165	89
166	77
166	305
166	89
167	77
167	305
167	89
168	77
168	305
168	89
169	77
169	305
169	89
170	139
170	291
170	189
171	59
171	161
172	161
173	109
174	118
175	50
175	83
176	28
177	28
178	28
179	130
180	122
180	158
180	188
181	287
182	93
183	224
184	35
185	296
186	50
186	108
187	2
187	196
188	95
188	24
189	164
189	174
189	156
190	110
190	305
190	275
191	139
191	12
191	57
192	84
192	115
192	17
193	266
193	3
193	283
194	266
194	3
194	91
195	86
195	235
195	242
196	217
197	217
198	150
198	134
198	41
199	150
199	229
199	41
200	150
200	229
200	41
201	17
201	233
201	115
202	67
202	182
203	67
203	182
204	81
204	263
204	109
205	277
205	305
205	79
206	169
206	268
207	58
208	136
208	162
208	127
209	60
210	171
210	128
211	14
211	128
211	175
214	164
215	191
216	191
217	191
218	66
219	279
220	279
221	292
222	57
222	271
222	1
223	241
224	278
224	92
224	41
225	117
225	290
225	288
226	189
226	27
227	1
227	27
228	126
228	27
229	272
230	246
231	50
231	185
232	50
232	185
233	50
233	185
234	2
234	76
235	2
235	76
236	2
236	76
237	95
237	220
238	95
238	220
239	95
239	220
240	114
240	290
241	235
242	25
242	159
243	114
243	290
244	235
245	110
245	24
246	122
246	232
246	273
247	122
247	232
247	273
248	122
248	232
248	273
249	290
249	210
249	283
250	290
250	210
250	283
251	122
251	24
252	122
252	24
253	244
253	235
253	174
254	244
254	235
254	174
255	262
255	82
256	262
256	82
257	242
257	178
258	242
258	178
259	100
259	132
259	283
260	100
260	132
260	283
261	100
261	132
261	171
262	100
262	132
262	283
263	100
263	132
263	283
264	100
264	132
264	171
265	184
265	236
265	278
266	184
266	236
266	9
267	17
267	255
268	17
268	255
269	184
269	306
269	278
270	184
270	306
270	305
271	123
271	52
272	123
272	52
273	185
273	290
274	185
274	213
275	185
275	148
276	148
276	193
276	250
277	148
277	193
277	250
278	25
278	159
278	290
279	114
279	159
279	31
280	242
280	157
280	152
281	242
281	157
281	152
282	77
282	41
282	174
283	26
283	41
283	174
284	250
284	39
284	57
285	250
285	39
285	57
286	158
286	21
286	195
287	158
287	21
287	195
288	244
288	17
288	223
289	244
289	17
289	223
290	126
290	250
290	57
1020	189
291	126
291	250
291	57
495	114
495	290
292	126
292	250
292	57
293	162
293	123
293	236
294	162
294	123
294	236
295	162
295	123
295	236
296	210
296	188
296	78
297	210
297	188
297	78
298	210
298	188
298	78
299	185
299	3
300	185
300	3
301	185
301	3
302	230
302	45
302	220
303	230
303	45
303	220
304	4
304	189
304	242
305	4
305	189
305	242
306	4
306	189
306	242
307	290
307	17
307	115
308	290
308	17
308	115
309	63
309	136
309	225
310	63
310	136
310	225
311	265
311	189
311	106
312	265
312	189
312	106
476	210
476	242
313	122
313	123
313	195
314	290
314	34
314	232
315	290
315	34
315	232
316	91
316	154
316	291
317	91
317	154
317	291
318	213
318	29
318	234
319	213
319	29
319	234
320	12
320	281
320	241
321	12
321	281
321	241
322	112
323	112
324	182
325	4
325	189
325	67
326	89
326	105
326	123
327	89
327	105
327	123
328	190
328	12
328	171
329	190
329	12
329	171
330	261
330	262
330	73
331	261
331	262
331	73
332	185
332	5
333	185
333	5
334	4
334	82
334	44
335	4
335	82
335	44
336	26
336	212
336	111
337	122
337	296
337	123
338	136
338	63
338	39
339	112
339	49
339	213
340	112
340	49
340	213
341	82
341	4
341	212
342	82
342	4
342	212
343	104
343	117
343	81
344	185
344	66
344	225
345	34
345	83
345	123
346	57
346	24
346	250
347	100
347	24
347	250
348	57
348	186
348	82
349	57
349	186
349	82
350	252
350	104
350	106
351	252
351	104
351	106
352	261
352	284
352	41
353	110
353	41
353	78
354	63
354	105
354	193
355	262
355	158
356	115
356	158
357	190
357	1
357	267
358	244
358	21
358	171
359	57
359	288
360	244
360	267
361	126
361	12
361	154
362	26
362	251
363	290
363	271
363	263
364	126
364	154
365	200
365	202
366	17
366	210
367	64
367	218
367	106
368	57
368	12
368	67
369	57
369	12
369	67
370	57
370	44
370	67
371	57
371	44
371	67
372	4
372	164
372	174
373	264
373	91
373	3
374	164
374	72
375	164
375	262
376	164
376	115
377	235
377	90
1026	211
378	235
378	90
379	123
379	85
380	164
380	174
381	162
382	50
382	66
383	50
383	66
384	50
384	66
385	2
385	17
386	2
386	17
387	2
387	17
388	95
388	171
389	95
389	171
390	95
390	171
391	290
391	122
391	305
1075	217
392	290
392	122
392	305
522	69
393	89
393	122
393	159
394	89
394	122
394	159
395	110
395	34
395	288
396	110
396	34
396	296
397	110
397	89
397	24
398	110
398	89
398	24
399	123
399	52
400	200
400	252
400	126
401	200
401	252
401	126
402	262
402	82
403	184
403	236
403	278
404	184
404	306
404	278
405	283
405	117
405	160
406	283
406	117
406	160
407	162
407	34
407	109
408	162
408	34
408	109
409	262
409	134
410	262
410	134
411	262
411	134
412	185
412	81
413	91
413	214
413	172
414	91
414	214
414	172
415	189
415	4
415	288
416	126
416	250
416	8
417	185
417	66
417	52
418	185
418	66
418	52
419	185
419	66
419	52
420	290
420	77
420	281
421	185
421	76
421	34
422	185
422	76
422	34
423	120
423	25
423	305
424	250
424	126
424	9
425	250
425	126
425	9
426	162
426	109
427	162
427	123
428	89
428	160
428	277
429	63
429	136
429	225
430	112
431	112
432	119
432	275
433	123
433	34
433	172
434	189
434	241
435	189
435	241
436	117
436	290
436	288
437	190
437	242
437	264
438	4
438	189
438	171
439	244
439	290
439	288
440	244
440	202
440	288
441	100
441	57
441	244
442	110
442	41
442	14
443	189
443	3
443	113
444	110
444	210
444	267
445	123
445	122
445	79
446	77
446	202
446	131
447	210
447	202
447	174
448	137
448	115
448	67
449	137
449	115
449	67
450	63
450	72
450	91
451	63
451	72
451	91
452	283
452	104
452	225
453	283
453	24
453	297
454	219
454	24
454	297
455	158
455	283
455	89
456	57
456	126
456	186
457	122
457	189
457	67
458	34
458	17
458	174
459	34
459	17
459	174
460	57
460	24
460	250
461	77
461	242
462	189
462	242
463	64
463	218
463	106
464	244
464	305
464	172
465	136
465	41
465	297
466	210
466	78
466	158
467	244
467	41
467	78
468	63
468	105
468	154
469	262
469	158
470	115
470	158
471	91
471	83
471	172
472	104
472	117
472	81
473	164
473	123
474	164
474	123
475	164
475	123
477	235
478	304
478	174
479	164
479	85
480	164
480	225
481	104
482	50
482	111
483	50
483	111
484	50
484	111
485	2
485	120
486	2
486	120
487	2
487	120
488	95
488	250
489	95
489	250
490	95
490	250
491	290
491	202
491	288
492	244
492	202
492	267
493	77
493	3
493	202
494	77
494	3
494	202
496	235
497	110
497	132
498	235
499	114
499	25
500	57
500	220
500	136
501	57
501	220
501	136
502	57
502	220
502	136
503	185
503	34
503	79
504	185
504	34
504	79
505	185
505	221
505	79
506	210
506	83
507	210
507	83
508	122
508	154
508	220
509	122
509	8
509	220
510	162
510	64
510	275
511	162
511	64
511	275
512	162
512	64
512	275
513	57
513	220
514	244
514	174
515	148
515	145
515	202
516	148
516	145
516	41
517	243
518	158
519	243
520	25
520	290
521	120
521	52
523	261
523	288
524	261
524	83
525	261
525	83
526	91
526	210
526	171
527	91
527	210
527	171
528	91
528	214
528	172
529	189
529	265
529	152
530	184
530	237
530	31
531	184
531	237
531	31
532	122
532	206
532	277
533	190
533	244
533	171
534	189
534	4
534	128
535	189
535	4
535	128
536	189
536	4
536	128
537	215
537	275
538	215
538	275
539	262
539	82
539	229
540	262
540	82
540	229
541	134
541	82
542	229
542	200
543	252
543	110
543	277
544	63
544	159
544	277
545	104
545	100
545	66
546	45
546	29
546	3
547	45
547	29
547	3
548	53
548	120
549	53
549	120
550	186
550	63
550	164
551	186
551	63
551	164
552	63
552	299
552	136
553	137
553	18
553	21
554	233
554	255
554	12
555	91
555	136
555	3
556	91
556	136
556	3
557	136
557	232
557	113
558	190
558	157
558	171
559	112
560	112
561	242
561	126
562	242
562	126
563	104
563	39
564	104
564	39
565	264
565	183
566	235
566	52
567	112
568	112
569	63
569	263
569	154
570	63
570	263
570	154
571	190
571	12
571	271
572	190
572	12
572	271
573	112
574	112
575	219
575	166
576	219
576	166
577	44
577	57
578	44
578	57
579	57
579	63
579	271
580	90
580	306
580	184
581	149
582	121
582	23
583	89
583	305
583	182
584	89
584	305
584	182
585	112
585	305
586	164
586	305
587	185
587	76
587	5
588	112
589	164
589	160
589	223
590	119
590	275
591	123
591	291
591	297
592	123
592	291
592	297
593	91
593	291
593	63
594	91
594	291
594	63
595	91
595	291
595	63
596	12
596	288
597	57
597	186
598	57
598	154
599	57
599	4
599	189
600	57
600	154
601	4
601	171
602	4
602	241
603	244
603	267
604	230
604	14
605	230
605	14
606	230
606	14
607	230
607	189
608	230
608	291
609	230
609	14
610	112
611	112
612	8
613	255
614	247
615	117
616	164
617	50
617	12
618	50
618	12
619	50
619	12
620	2
620	296
621	2
621	296
622	2
622	296
623	95
623	306
624	95
624	306
625	95
625	306
626	122
626	212
627	244
627	212
628	244
628	212
629	299
629	9
629	297
630	299
630	9
630	297
631	235
631	290
632	110
632	41
633	132
633	244
633	210
634	132
634	244
634	210
635	132
635	244
635	210
636	104
636	100
636	66
637	104
637	100
637	41
638	1
638	171
639	1
639	171
640	189
640	261
641	189
641	261
642	235
642	241
643	263
643	241
644	110
644	159
645	131
645	283
646	164
646	174
647	290
647	77
647	200
648	57
648	186
649	57
649	186
650	185
651	238
652	29
652	166
652	152
653	29
653	166
653	152
654	41
654	77
654	281
655	73
655	111
655	80
656	73
656	111
656	80
657	290
657	208
657	26
658	184
658	208
658	26
659	112
660	89
660	160
660	267
661	26
661	136
661	122
662	91
662	136
662	195
663	112
664	213
664	73
664	122
665	213
665	73
665	122
666	112
666	300
666	128
667	112
667	300
667	128
668	189
668	4
668	288
669	261
669	284
669	41
670	104
670	117
670	278
671	122
671	232
671	273
672	164
672	52
673	242
673	53
674	242
674	53
675	242
675	53
676	77
676	91
676	3
731	95
731	12
677	78
677	123
677	277
678	78
678	123
678	223
679	304
679	152
680	304
680	152
681	44
681	24
681	122
682	44
682	24
682	122
683	263
683	193
683	234
684	263
684	193
684	234
685	112
686	57
686	166
686	186
687	57
687	166
687	186
688	57
688	126
688	186
689	289
689	261
690	289
690	261
691	164
691	79
692	265
692	189
692	106
693	136
693	63
693	39
694	82
694	18
694	212
695	185
695	66
695	225
696	260
696	158
697	115
697	158
698	283
698	117
698	160
699	120
699	159
699	305
700	66
700	185
701	72
701	291
702	190
702	242
702	145
703	63
703	72
703	91
704	271
704	218
704	106
705	78
705	74
705	223
706	189
706	265
706	152
707	164
707	305
708	72
708	182
709	112
710	112
711	112
712	112
713	164
713	275
714	164
714	275
715	17
715	115
716	239
717	164
717	275
718	112
719	154
720	154
721	10
722	104
723	22
724	75
725	50
725	113
726	50
726	113
727	50
727	113
728	2
728	91
729	2
729	91
730	2
730	212
732	95
732	12
733	95
733	12
734	290
734	122
734	106
735	252
735	122
735	106
736	158
736	77
736	290
737	244
737	178
737	83
738	244
738	178
738	83
739	26
739	111
739	277
740	26
740	111
740	277
741	3
741	50
742	3
742	50
743	3
743	2
744	3
744	2
745	3
745	95
746	3
746	95
747	105
747	162
747	275
748	105
748	162
748	275
749	273
749	160
749	132
750	273
750	160
750	132
751	273
751	160
751	132
752	82
752	260
752	172
753	82
753	260
753	172
754	189
754	67
754	152
755	189
755	67
755	152
820	148
820	225
756	189
756	304
756	152
834	112
757	9
757	208
757	299
758	9
758	208
758	299
968	112
759	178
759	152
759	1
760	178
760	152
760	1
761	81
761	225
761	208
762	210
762	171
762	296
763	210
763	171
763	296
764	210
764	171
764	296
765	57
765	154
765	126
766	57
766	154
766	126
767	57
767	234
767	126
768	210
768	123
768	1
769	189
769	123
769	1
770	110
770	185
770	241
771	66
771	185
771	241
772	110
772	185
772	241
773	100
773	110
773	120
774	100
774	110
774	120
775	100
775	110
775	120
776	277
776	52
776	185
777	277
777	52
777	185
778	185
778	136
778	66
779	185
779	136
779	66
780	212
780	271
780	1
781	244
781	267
781	21
782	244
782	267
782	21
783	244
783	267
783	21
784	283
784	123
785	171
785	11
786	126
786	185
786	166
787	189
787	12
787	67
788	189
788	12
788	67
789	235
789	267
789	244
790	235
790	267
790	244
791	31
791	236
791	159
792	181
793	181
794	18
794	189
794	57
795	18
795	189
795	57
796	228
797	228
798	213
798	29
798	73
799	213
799	67
799	73
800	303
801	303
802	184
802	41
802	281
803	184
803	41
803	281
804	305
804	306
804	119
805	305
805	306
805	119
806	305
806	306
806	119
807	241
807	236
807	225
808	241
808	236
808	225
809	241
809	236
809	225
810	122
810	273
810	154
811	122
811	273
811	154
812	291
812	72
812	67
813	291
813	72
813	67
814	291
814	289
814	67
815	185
815	172
815	117
816	185
816	172
816	117
817	262
817	260
818	110
818	235
818	188
819	110
819	12
819	241
821	148
821	225
822	126
822	182
822	250
823	126
823	182
823	250
824	81
824	154
824	225
825	25
825	174
825	110
826	25
826	174
826	110
827	43
828	43
828	263
829	134
829	229
829	230
830	134
830	229
830	230
831	134
831	229
831	230
832	112
833	112
835	275
835	162
835	106
836	275
836	162
836	106
837	17
837	115
837	52
838	17
838	115
838	52
839	17
839	115
839	52
840	132
840	1
840	174
841	132
841	1
841	174
842	132
842	1
842	174
843	72
843	298
843	288
844	72
844	298
844	57
845	112
846	154
846	12
846	241
847	154
847	29
847	111
848	262
848	26
848	242
849	123
849	225
849	212
850	123
850	225
850	212
851	53
851	171
851	1
852	296
852	208
852	188
853	296
853	208
853	188
854	195
854	123
854	164
855	195
855	123
855	164
856	212
856	172
856	261
857	122
857	171
857	283
858	122
858	171
858	195
859	273
859	241
859	67
860	273
860	241
860	67
861	3
861	17
861	233
862	110
862	283
862	243
863	283
864	283
865	112
866	115
866	110
867	115
867	110
868	223
869	223
870	223
871	277
871	195
872	277
872	195
873	293
874	38
875	152
875	171
876	164
877	223
878	117
879	218
880	50
880	276
881	50
881	276
882	50
882	276
883	2
883	118
884	2
884	118
885	2
885	118
886	95
886	23
887	95
887	23
888	95
888	23
888	177
889	77
889	92
889	214
890	77
890	92
890	214
891	273
891	30
892	115
892	30
893	115
893	30
894	114
894	25
894	278
895	235
895	278
896	114
896	25
896	278
897	132
897	174
897	267
898	132
898	174
898	267
899	71
899	107
900	71
900	107
901	71
901	107
902	172
902	143
903	172
903	143
904	296
904	1
904	83
905	296
905	1
905	83
906	248
907	122
907	52
907	136
908	122
908	52
908	277
909	188
910	188
911	282
912	81
912	268
913	81
913	268
914	169
914	111
915	169
915	111
916	113
916	219
916	52
917	113
917	219
917	52
918	130
918	24
918	79
919	130
919	24
919	79
920	100
920	234
920	271
921	100
921	234
921	271
922	7
923	7
924	193
924	242
924	76
925	193
925	242
925	76
926	139
926	189
927	139
927	4
928	216
928	289
929	216
929	289
930	184
930	116
931	26
931	111
931	1
932	92
932	77
932	134
933	230
933	189
934	172
934	154
934	259
935	172
935	154
935	259
936	172
936	154
936	259
937	277
937	118
938	104
938	305
938	5
939	104
939	305
939	5
940	77
940	305
940	89
1022	227
941	77
941	305
941	89
942	136
942	291
942	189
943	136
943	291
943	189
944	305
944	52
944	275
945	305
945	52
945	275
946	87
947	187
948	59
948	161
949	230
950	118
951	126
952	50
952	285
953	50
953	285
954	50
954	285
955	2
955	244
956	2
956	244
957	2
957	244
958	95
958	55
959	95
959	55
960	95
960	55
961	122
961	281
961	77
962	122
962	281
962	77
963	122
963	281
963	171
964	197
964	139
964	271
965	197
965	139
965	271
966	110
967	165
969	190
969	296
969	21
970	190
970	296
970	21
971	28
972	131
972	114
972	169
973	131
973	114
973	169
974	122
974	158
974	78
975	122
975	178
975	78
976	287
977	99
977	26
977	225
978	99
978	26
978	225
979	136
979	270
979	123
980	136
980	270
980	123
981	207
981	126
982	207
982	126
983	66
983	113
984	66
984	113
985	252
985	148
985	220
986	252
986	148
986	220
987	147
987	63
988	147
988	63
989	203
989	208
989	184
990	203
990	208
990	174
991	66
991	63
991	169
992	66
992	63
992	169
993	66
993	133
993	169
1023	211
994	71
994	15
994	104
995	123
995	275
995	107
996	68
996	195
997	245
998	102
999	231
999	242
1000	231
1000	242
1001	155
1001	9
1002	44
1003	40
1004	93
1005	301
1006	12
1007	43
1007	82
1007	189
1008	224
1009	124
1009	139
1009	31
1010	254
1010	172
1010	39
1011	209
1012	276
1012	261
1012	241
1013	276
1013	261
1013	241
1014	276
1014	261
1014	241
1015	56
1015	275
1016	127
1016	275
1017	108
1017	275
1018	36
1018	275
1019	9
1021	103
1027	211
1028	211
1029	211
1030	163
1031	286
1032	41
1033	211
1034	211
1035	211
1036	211
1037	200
1038	265
1039	296
1040	50
1040	108
1041	50
1041	108
1042	50
1042	108
1043	2
1043	196
1044	2
1044	196
1045	2
1045	196
1046	95
1046	24
1047	95
1047	24
1048	95
1048	24
1049	92
1049	3
1050	92
1050	3
1051	122
1051	174
1051	273
1052	122
1052	174
1052	273
1053	164
1053	174
1053	156
1054	110
1054	25
1054	275
1055	110
1055	25
1055	275
1056	110
1056	305
1056	275
1057	290
1057	111
1057	197
1058	290
1058	111
1058	197
1059	48
1059	225
1059	148
1060	48
1060	225
1060	148
1061	203
1061	290
1061	276
1062	203
1062	78
1062	276
1063	139
1063	12
1063	57
1064	139
1064	12
1064	57
1065	19
1065	288
1066	139
1066	306
1067	84
1067	300
1067	17
1068	84
1068	115
1068	17
1069	84
1069	115
1069	17
1070	266
1070	3
1070	276
1071	266
1071	3
1071	283
1072	266
1072	3
1072	91
1073	86
1073	235
1073	242
1074	86
1074	235
1074	242
1076	57
1076	101
1077	57
1077	101
1078	288
1078	262
1078	208
1079	150
1079	134
1079	41
1080	17
1080	233
1080	115
1081	17
1081	233
1081	115
1082	26
1082	41
1083	26
1083	41
1084	67
1084	182
1085	67
1085	182
1086	81
1086	263
1086	109
1087	81
1087	263
1087	109
1088	81
1088	263
1088	109
1089	277
1089	305
1089	79
1090	277
1090	305
1090	79
1091	277
1091	305
1091	79
1092	212
1092	210
1092	195
1093	44
1093	130
1093	258
1094	67
1094	88
1095	78
1095	83
1096	232
1096	6
1096	291
1097	47
1098	169
1098	268
1099	169
1099	268
1100	44
1100	195
1101	82
1101	56
1102	114
1102	179
1103	114
1103	179
1104	204
1105	58
1106	123
1106	162
1106	127
1107	60
1108	171
1108	128
1109	171
1109	128
1110	200
1110	283
1110	178
1111	200
1111	262
1111	298
1112	126
1112	139
1112	178
1113	126
1113	291
1113	298
1114	14
1114	128
1114	175
1115	230
1115	52
1115	182
1116	230
1116	52
1116	182
1117	230
1117	52
1117	182
1118	62
1119	256
1120	164
1121	123
1122	191
1123	66
1124	176
1125	173
1126	280
1127	98
1128	174
1129	244
1129	305
1129	172
1130	110
1130	171
1130	74
1131	210
1131	276
1131	174
1132	57
1132	271
1132	1
1133	164
1133	111
1133	234
1184	162
1184	275
1134	100
1134	57
1134	244
1135	81
1135	113
1136	50
1136	23
1137	50
1137	23
1138	50
1138	23
1139	2
1139	9
1140	2
1140	9
1141	2
1141	9
1142	95
1142	267
1143	95
1143	267
1144	95
1144	267
1145	268
1145	3
1145	91
1146	198
1146	3
1146	91
1147	89
1147	197
1148	89
1148	197
1149	110
1149	159
1150	110
1150	159
1151	262
1151	104
1151	296
1152	200
1152	104
1152	296
1153	200
1153	104
1153	296
1232	94
1154	290
1154	77
1154	136
1155	278
1155	92
1155	41
1156	136
1156	208
1157	32
1158	34
1158	5
1159	34
1159	5
1160	226
1160	5
1161	244
1161	283
1161	210
1162	257
1162	189
1162	230
1163	257
1163	189
1163	230
1164	257
1164	189
1164	230
1165	17
1165	115
1166	17
1166	67
1167	17
1167	67
1168	136
1168	262
1168	250
1169	153
1169	262
1169	250
1170	20
1170	200
1170	306
1171	20
1171	200
1171	306
1172	244
1172	290
1172	197
1173	244
1173	274
1173	197
1174	111
1174	79
1174	277
1175	111
1175	234
1175	277
1176	221
1176	52
1177	221
1177	52
1178	205
1179	205
1180	135
1180	12
1180	225
1181	185
1181	89
1181	208
1182	185
1182	89
1182	297
1183	25
1183	235
1185	263
1185	305
1185	120
1186	199
1186	305
1186	120
1187	1
1187	136
1187	79
1188	1
1188	136
1188	79
1189	1
1189	136
1189	79
1190	259
1190	288
1190	242
1191	259
1191	288
1191	242
1192	273
1192	122
1192	37
1193	186
1194	295
1195	241
1195	239
1196	241
1196	284
1197	235
1197	225
1198	125
1198	242
1199	240
1199	147
1200	240
1200	147
1201	77
1201	203
1202	178
1202	203
1203	83
1203	232
1203	253
1204	91
1204	72
1204	171
1205	91
1205	298
1205	171
1206	1
1206	74
1207	9
1207	63
1207	186
1208	144
1208	166
1209	158
1209	123
1209	195
1210	100
1210	126
1210	9
1211	33
1211	42
1211	172
1212	117
1212	290
1212	288
1213	195
1213	170
1213	164
1214	194
1215	194
1216	194
1217	194
1218	194
1219	194
1220	96
1221	96
1222	96
1223	96
1224	96
1225	96
1226	54
1226	291
1227	54
1227	291
1228	54
1228	291
1229	288
1230	146
1231	46
1233	70
1234	140
1235	194
1236	96
1237	167
1238	141
1239	194
1240	96
1241	65
1241	3
1241	29
1242	302
1242	300
1243	302
1243	300
1244	151
1244	274
1245	151
1245	305
1246	151
1246	41
1247	195
1247	27
1248	270
1248	189
1248	175
1249	65
1249	225
1249	29
1250	194
1251	194
1252	96
1253	96
1254	222
1255	269
\.


--
-- Data for Name: pokemon_details; Type: TABLE DATA; Schema: public; Owner: postgres
--

COPY public.pokemon_details (pokemon_id, pokemon_photo, pokemon_height, pokemon_weight, pokemon_breed_period, pokemon_sex_ratio, pokemon_total_amount, pokemon_shine, pokemon_rarity) FROM stdin;
1	https://www.orthrusonline.ru/static/images/p/nextgen/venusaurgmax.png	2	0	14	Самцы: 87.5% Самки: 12.5% 	0	0	100
2	https://www.orthrusonline.ru/static/images/p/nextgen/venusaurmega.png	2.4	155.5	14	Самцы: 87.5% Самки: 12.5% 	0	0	100
3	https://www.orthrusonline.ru/static/images/p/nextgen/charizardgmax.png	28	0	14	Самцы: 87.5% Самки: 12.5% 	0	0	100
4	https://www.orthrusonline.ru/static/images/p/nextgen/charizardmegax.png	1.7	110.5	14	Самцы: 87.5% Самки: 12.5% 	0	0	100
5	https://www.orthrusonline.ru/static/images/p/nextgen/charizardmegay.png	1.7	100.5	14	Самцы: 87.5% Самки: 12.5% 	0	0	100
6	https://www.orthrusonline.ru/static/images/p/nextgen/blastoisegmax.png	1.6	0	14	Самцы: 87.5% Самки: 12.5% 	0	0	100
7	https://www.orthrusonline.ru/static/images/p/nextgen/blastoisemega.png	1.6	101.1	14	Самцы: 87.5% Самки: 12.5% 	0	0	100
8	https://www.orthrusonline.ru/static/images/p/nextgen/butterfreegmax.png	17	0	10	Бесполые	0	0	100
9	https://www.orthrusonline.ru/static/images/p/nextgen/beedrillmega.png	1.4	40.5	10	Самцы: 50% Самки: 50% 	0	0	100
10	https://www.orthrusonline.ru/static/images/p/nextgen/pidgeotmega.png	2.2	50.5	10	Самцы: 50% Самки: 50% 	0	0	100
11	https://www.orthrusonline.ru/static/images/p/nextgen/rattataalola.png	0.3	3.8	10	Самцы: 50% Самки: 50% 	5797	537	88
12	https://www.orthrusonline.ru/static/images/p/nextgen/raticatealola.png	0.7	25.5	10	Самцы: 50% Самки: 50% 	4142	763	91.5
13	https://www.orthrusonline.ru/static/images/p/nextgen/pikachualola.png	0.4	6	7	Только самцы	10	0	99.9
14	https://www.orthrusonline.ru/static/images/p/nextgen/pikachubelle.png	0.4	6	7	Только самки	63	0	99.5
15	https://www.orthrusonline.ru/static/images/p/nextgen/pikachucosplay.png	0.4	6	7	Только самки	78	0	99.4
16	https://www.orthrusonline.ru/static/images/p/nextgen/pikachugmax.png	21	0	7	Самцы: 50% Самки: 50% 	0	0	100
17	https://www.orthrusonline.ru/static/images/p/nextgen/pikachuhoenn.png	0.4	6	7	Только самцы	28	0	99.8
18	https://www.orthrusonline.ru/static/images/p/nextgen/pikachukalos.png	0.4	6	7	Только самцы	11	0	99.9
19	https://www.orthrusonline.ru/static/images/p/nextgen/pikachulibre.png	0.4	6	7	Только самки	42	0	99.7
20	https://www.orthrusonline.ru/static/images/p/nextgen/pikachuoriginal.png	0.4	6	7	Только самцы	36	1	99.7
21	https://www.orthrusonline.ru/static/images/p/nextgen/pikachupartner.png	0.4	6	7	Только самцы	9	0	99.9
22	https://www.orthrusonline.ru/static/images/p/nextgen/pikachuphd.png	0.4	6	7	Только самки	52	0	99.6
23	https://www.orthrusonline.ru/static/images/p/nextgen/pikachupopstar.png	0.4	6	7	Только самки	56	0	99.5
24	https://www.orthrusonline.ru/static/images/p/nextgen/pikachurockstar.png	0.4	6	7	Только самки	70	0	99.4
25	https://www.orthrusonline.ru/static/images/p/nextgen/pikachusinnoh.png	0.4	6	7	Только самцы	21	0	99.8
26	https://www.orthrusonline.ru/static/images/p/nextgen/pikachustarter.png	0.4	6	7	Самцы: 50% Самки: 50% 	7	0	99.9
27	https://www.orthrusonline.ru/static/images/p/nextgen/pikachuunova.png	0.4	6	7	Только самцы	13	0	99.9
28	https://www.orthrusonline.ru/static/images/p/nextgen/pikachuworld.png	0.4	6	7	Только самцы	10	0	99.9
29	https://www.orthrusonline.ru/static/images/p/nextgen/raichualola.png	0.7	21	7	Самцы: 50% Самки: 50% 	221	11	98.3
30	https://www.orthrusonline.ru/static/images/p/nextgen/sandshrewalola.png	0.7	40	14	Самцы: 50% Самки: 50% 	5368	295	93.8
31	https://www.orthrusonline.ru/static/images/p/nextgen/sandslashalola.png	1.2	55	14	Самцы: 50% Самки: 50% 	1481	20	95.6
32	https://www.orthrusonline.ru/static/images/p/nextgen/vulpixalola.png	0.6	9.9	14	Самцы: 25% Самки: 75% 	20072	53	87.3
33	https://www.orthrusonline.ru/static/images/p/nextgen/ninetalesalola.png	1.1	19.9	14	Самцы: 25% Самки: 75% 	186	17	98.6
34	https://www.orthrusonline.ru/static/images/p/nextgen/diglettalola.png	0.2	1	14	Самцы: 50% Самки: 50% 	4084	193	92.6
35	https://www.orthrusonline.ru/static/images/p/nextgen/dugtrioalola.png	0.7	66.6	14	Самцы: 50% Самки: 50% 	2394	229	93.2
36	https://www.orthrusonline.ru/static/images/p/nextgen/meowthalola.png	0.4	4.2	14	Самцы: 50% Самки: 50% 	5473	51	88.6
37	https://www.orthrusonline.ru/static/images/p/nextgen/meowthgalar.png	0.4	7.5	14	Самцы: 50% Самки: 50% 	785	6	97.7
38	https://www.orthrusonline.ru/static/images/p/nextgen/meowthgmax.png	33	0	14	Самцы: 50% Самки: 50% 	0	0	100
39	https://www.orthrusonline.ru/static/images/p/nextgen/persianalola.png	1.1	33	14	Самцы: 50% Самки: 50% 	21452	197	92.3
40	https://www.orthrusonline.ru/static/images/p/nextgen/growlithehisui.png	0.8	22.7	14	Самцы: 75% Самки: 25% 	23	23	99.9
41	https://www.orthrusonline.ru/static/images/p/nextgen/arcaninehisui.png	2	168	14	Самцы: 75% Самки: 25% 	20	12	99.8
42	https://www.orthrusonline.ru/static/images/p/nextgen/alakazammega.png	1.2	48	14	Самцы: 75% Самки: 25% 	0	0	100
43	https://www.orthrusonline.ru/static/images/p/nextgen/machampgmax.png	25	0	14	Самцы: 75% Самки: 25% 	0	0	100
44	https://www.orthrusonline.ru/static/images/p/nextgen/geodudealola.png	0.4	20.3	10	Самцы: 50% Самки: 50% 	7988	64	91.6
45	https://www.orthrusonline.ru/static/images/p/nextgen/graveleralola.png	1	110	10	Самцы: 50% Самки: 50% 	2878	31	95.4
46	https://www.orthrusonline.ru/static/images/p/nextgen/golemalola.png	1.7	316	10	Самцы: 50% Самки: 50% 	228	14	98.5
47	https://www.orthrusonline.ru/static/images/p/nextgen/ponytagalar.png	0.8	24	14	Самцы: 50% Самки: 50% 	2839	8	97.1
48	https://www.orthrusonline.ru/static/images/p/nextgen/rapidashgalar.png	1.7	80	14	Самцы: 50% Самки: 50% 	67	4	99.5
49	https://www.orthrusonline.ru/static/images/p/nextgen/slowpokegalar.png	1.2	36	14	Самцы: 50% Самки: 50% 	131	2	99.6
132	https://www.orthrusonline.ru/static/images/p/nextgen/rotommow.png	0.3	0.3	14	Бесполые	787	3	99
50	https://www.orthrusonline.ru/static/images/p/nextgen/slowbrogalar.png	1.6	70.5	14	Самцы: 50% Самки: 50% 	36	1	99.7
51	https://www.orthrusonline.ru/static/images/p/nextgen/slowbromega.png	2	120	14	Самцы: 50% Самки: 50% 	0	0	100
52	https://www.orthrusonline.ru/static/images/p/nextgen/farfetchdgalar.png	0.8	15	14	Самцы: 50% Самки: 50% 	1970	3	98
53	https://www.orthrusonline.ru/static/images/p/nextgen/grimeralola.png	0.7	42	14	Самцы: 50% Самки: 50% 	3667	18	95.8
54	https://www.orthrusonline.ru/static/images/p/nextgen/mukalola.png	1	52	14	Самцы: 50% Самки: 50% 	96	6	99.3
55	https://www.orthrusonline.ru/static/images/p/nextgen/gengargmax.png	20	0	14	Бесполые	0	0	100
56	https://www.orthrusonline.ru/static/images/p/nextgen/gengarmega.png	1.4	40.5	14	Самцы: 50% Самки: 50% 	1	1	100
57	https://www.orthrusonline.ru/static/images/p/nextgen/kinglergmax.png	19	0	14	Бесполые	0	0	100
58	https://www.orthrusonline.ru/static/images/p/nextgen/voltorbhisui.png	0.5	13	14	Бесполые	581	2	99.5
59	https://www.orthrusonline.ru/static/images/p/nextgen/electrodehisui.png	1.2	71	14	Бесполые	18	3	99.9
60	https://www.orthrusonline.ru/static/images/p/nextgen/exeggutoralola.png	10.9	415.6	14	Самцы: 50% Самки: 50% 	2718	24	93.5
61	https://www.orthrusonline.ru/static/images/p/nextgen/marowakalola.png	1	34	14	Самцы: 50% Самки: 50% 	225	23	98.7
62	https://www.orthrusonline.ru/static/images/p/nextgen/weezinggalar.png	3	16	14	Самцы: 50% Самки: 50% 	1329	10	97.9
63	https://www.orthrusonline.ru/static/images/p/nextgen/kangaskhanmega.png	2.2	100	14	Самцы: 12.5% Самки: 87.5% 	0	0	100
64	https://www.orthrusonline.ru/static/images/p/nextgen/mrmimegalar.png	1.4	56.8	17	Самцы: 50% Самки: 50% 	595	6	98.7
65	https://www.orthrusonline.ru/static/images/p/nextgen/pinsirmega.png	1.7	59	17	Самцы: 50% Самки: 50% 	0	0	100
66	https://www.orthrusonline.ru/static/images/p/nextgen/taurospaldea.png	1.4	88.4	14	Только самцы	15	1	99.9
212	https://www.orthrusonline.ru/static/images/p/nextgen/zaciancrowned.png	2.8	355	80	Бесполые	1	1	100
67	https://www.orthrusonline.ru/static/images/p/nextgen/taurospaldeafire.png	1.4	88.4	14	Только самцы	14	3	99.9
68	https://www.orthrusonline.ru/static/images/p/nextgen/taurospaldeawater.png	1.4	88.4	14	Только самцы	30	2	99.8
69	https://www.orthrusonline.ru/static/images/p/nextgen/gyaradosmega.png	6.5	305	4	Самцы: 50% Самки: 50% 	0	0	100
70	https://www.orthrusonline.ru/static/images/p/nextgen/laprasgmax.png	24	0	27	Бесполые	0	0	100
71	https://www.orthrusonline.ru/static/images/p/nextgen/eeveegmax.png	18	0	24	Самцы: 87.5% Самки: 12.5% 	1	1	100
72	https://www.orthrusonline.ru/static/images/p/nextgen/aerodactylmega.png	2.1	79	24	Самцы: 87.5% Самки: 12.5% 	0	0	100
73	https://www.orthrusonline.ru/static/images/p/nextgen/snorlaxgmax.png	35	0	27	Самцы: 87.5% Самки: 12.5% 	0	0	100
74	https://www.orthrusonline.ru/static/images/p/nextgen/articunogalar.png	1.7	50.9	54	Бесполые	81	4	99.5
75	https://www.orthrusonline.ru/static/images/p/nextgen/zapdosgalar.png	1.6	58.2	54	Бесполые	76	3	99.5
76	https://www.orthrusonline.ru/static/images/p/nextgen/moltresgalar.png	2	66	54	Бесполые	71	4	99.6
77	https://www.orthrusonline.ru/static/images/p/nextgen/mewtwomegax.png	2.3	127	80	Бесполые	0	0	100
78	https://www.orthrusonline.ru/static/images/p/nextgen/mewtwomegay.png	1.5	33	80	Бесполые	0	0	100
79	https://www.orthrusonline.ru/static/images/p/nextgen/typhlosionhisui.png	1.6	69.8	14	Самцы: 87.5% Самки: 12.5% 	39	29	99.7
80	https://www.orthrusonline.ru/static/images/p/nextgen/ampharosmega.png	1.4	61.5	14	Самцы: 50% Самки: 50% 	0	0	100
81	https://www.orthrusonline.ru/static/images/p/nextgen/wooperpaldea.png	0.4	8.5	14	Самцы: 50% Самки: 50% 	861	448	98.9
82	https://www.orthrusonline.ru/static/images/p/nextgen/slowkinggalar.png	1.8	79.5	14	Самцы: 50% Самки: 50% 	36	2	99.7
83	https://www.orthrusonline.ru/static/images/p/nextgen/steelixmega.png	10.5	740	17	Самцы: 50% Самки: 50% 	0	0	100
84	https://www.orthrusonline.ru/static/images/p/nextgen/qwilfishhisui.png	0.5	3.9	14	Самцы: 50% Самки: 50% 	11	1	99.9
85	https://www.orthrusonline.ru/static/images/p/nextgen/scizormega.png	2	125	17	Самцы: 50% Самки: 50% 	0	0	100
86	https://www.orthrusonline.ru/static/images/p/nextgen/heracrossmega.png	1.7	62.5	17	Самцы: 50% Самки: 50% 	0	0	100
87	https://www.orthrusonline.ru/static/images/p/nextgen/sneaselhisui.png	0.9	27	14	Самцы: 50% Самки: 50% 	10	0	99.9
88	https://www.orthrusonline.ru/static/images/p/nextgen/corsolagalar.png	0.6	0.5	14	Самцы: 25% Самки: 75% 	200	7	99
89	https://www.orthrusonline.ru/static/images/p/nextgen/houndoommega.png	1.9	49.5	14	Самцы: 50% Самки: 50% 	0	0	100
90	https://www.orthrusonline.ru/static/images/p/nextgen/tyranitarmega.png	2.5	255	27	Самцы: 50% Самки: 50% 	0	0	100
91	https://www.orthrusonline.ru/static/images/p/nextgen/sceptilemega.png	1.9	55.2	14	Самцы: 87.5% Самки: 12.5% 	0	0	100
92	https://www.orthrusonline.ru/static/images/p/nextgen/blazikenmega.png	1.9	52	14	Самцы: 87.5% Самки: 12.5% 	0	0	100
93	https://www.orthrusonline.ru/static/images/p/nextgen/swampertmega.png	1.9	102	14	Самцы: 87.5% Самки: 12.5% 	0	0	100
94	https://www.orthrusonline.ru/static/images/p/nextgen/zigzagoongalar.png	0.4	17.5	10	Самцы: 50% Самки: 50% 	2951	17	98
95	https://www.orthrusonline.ru/static/images/p/nextgen/linoonegalar.png	0.5	32.5	10	Самцы: 50% Самки: 50% 	2944	30	97.3
96	https://www.orthrusonline.ru/static/images/p/nextgen/gardevoirmega.png	1.6	48.4	14	Самцы: 50% Самки: 50% 	0	0	100
97	https://www.orthrusonline.ru/static/images/p/nextgen/sableyemega.png	0.5	161	17	Самцы: 50% Самки: 50% 	0	0	100
98	https://www.orthrusonline.ru/static/images/p/nextgen/mawilemega.png	1	23.5	14	Самцы: 50% Самки: 50% 	0	0	100
99	https://www.orthrusonline.ru/static/images/p/nextgen/aggronmega.png	2.2	395	24	Самцы: 50% Самки: 50% 	0	0	100
100	https://www.orthrusonline.ru/static/images/p/nextgen/medichammega.png	1.3	31.5	14	Самцы: 50% Самки: 50% 	0	0	100
101	https://www.orthrusonline.ru/static/images/p/nextgen/manectricmega.png	1.8	44	14	Самцы: 50% Самки: 50% 	0	0	100
102	https://www.orthrusonline.ru/static/images/p/nextgen/sharpedomega.png	2.5	130.3	14	Самцы: 50% Самки: 50% 	0	0	100
103	https://www.orthrusonline.ru/static/images/p/nextgen/cameruptmega.png	2.5	320.5	14	Самцы: 50% Самки: 50% 	0	0	100
104	https://www.orthrusonline.ru/static/images/p/nextgen/altariamega.png	1.5	20.6	14	Самцы: 50% Самки: 50% 	0	0	100
105	https://www.orthrusonline.ru/static/images/p/nextgen/castformrainy.png	0.3	0.8	17	Самцы: 50% Самки: 50% 	0	0	100
106	https://www.orthrusonline.ru/static/images/p/nextgen/castformsnowy.png	0.3	0.8	17	Самцы: 50% Самки: 50% 	0	0	100
107	https://www.orthrusonline.ru/static/images/p/nextgen/castformsunny.png	0.3	0.8	17	Самцы: 50% Самки: 50% 	0	0	100
108	https://www.orthrusonline.ru/static/images/p/nextgen/banettemega.png	1.2	13	17	Самцы: 50% Самки: 50% 	0	0	100
109	https://www.orthrusonline.ru/static/images/p/nextgen/absolmega.png	1.2	49	17	Самцы: 50% Самки: 50% 	0	0	100
110	https://www.orthrusonline.ru/static/images/p/nextgen/glaliemega.png	2.1	350.2	14	Самцы: 50% Самки: 50% 	0	0	100
111	https://www.orthrusonline.ru/static/images/p/nextgen/salamencemega.png	1.8	112.6	27	Самцы: 50% Самки: 50% 	0	0	100
112	https://www.orthrusonline.ru/static/images/p/nextgen/metagrossmega.png	2.5	942.9	27	Бесполые	0	0	100
113	https://www.orthrusonline.ru/static/images/p/nextgen/latiasmega.png	1.8	52	80	Только самки	0	0	100
114	https://www.orthrusonline.ru/static/images/p/nextgen/latiosmega.png	2.3	70	80	Только самцы	0	0	100
115	https://www.orthrusonline.ru/static/images/p/nextgen/kyogreprimal.png	9.8	430	80	Бесполые	0	0	100
116	https://www.orthrusonline.ru/static/images/p/nextgen/groudonprimal.png	5	999.7	80	Бесполые	1	1	100
117	https://www.orthrusonline.ru/static/images/p/nextgen/rayquazamega.png	10.8	392	80	Бесполые	0	0	100
118	https://www.orthrusonline.ru/static/images/p/nextgen/deoxysattack.png	1.7	60.8	80	Бесполые	18	0	99.9
119	https://www.orthrusonline.ru/static/images/p/nextgen/deoxysdefense.png	1.7	60.8	80	Бесполые	35	0	99.8
120	https://www.orthrusonline.ru/static/images/p/nextgen/deoxysspeed.png	1.7	60.8	80	Бесполые	4	1	100
121	https://www.orthrusonline.ru/static/images/p/nextgen/wormadamsandy.png	0.5	6.5	10	Только самки	302	8	97.9
122	https://www.orthrusonline.ru/static/images/p/nextgen/wormadamtrash.png	0.5	6.5	10	Только самки	293	2	98
123	https://www.orthrusonline.ru/static/images/p/nextgen/cherrimsunshine.png	0.5	9.3	14	Самцы: 50% Самки: 50% 	0	0	100
124	https://www.orthrusonline.ru/static/images/p/nextgen/lopunnymega.png	1.3	28.3	14	Самцы: 50% Самки: 50% 	0	0	100
125	https://www.orthrusonline.ru/static/images/p/nextgen/garchompmega.png	1.9	95	27	Самцы: 50% Самки: 50% 	0	0	100
126	https://www.orthrusonline.ru/static/images/p/nextgen/lucariomega.png	1.3	57.5	17	Самцы: 87.5% Самки: 12.5% 	0	0	100
127	https://www.orthrusonline.ru/static/images/p/nextgen/abomasnowmega.png	2.7	185	14	Самцы: 50% Самки: 50% 	0	0	100
128	https://www.orthrusonline.ru/static/images/p/nextgen/gallademega.png	1.6	56.4	14	Только самцы	0	0	100
129	https://www.orthrusonline.ru/static/images/p/nextgen/rotomfan.png	0.3	0.3	14	Бесполые	804	3	98.9
130	https://www.orthrusonline.ru/static/images/p/nextgen/rotomfrost.png	0.3	0.3	14	Бесполые	822	2	98.9
131	https://www.orthrusonline.ru/static/images/p/nextgen/rotomheat.png	0.3	0.3	14	Бесполые	958	2	98.5
133	https://www.orthrusonline.ru/static/images/p/nextgen/rotomwash.png	0.3	0.3	14	Бесполые	975	15	98.1
134	https://www.orthrusonline.ru/static/images/p/nextgen/dialgaorigin.png	7	850	80	Бесполые	2	2	100
1024	https://www.orthrusonline.ru/static/images/p/nextgen/buzzwole.png	2.4	333.6	80	Бесполые	23	6	99.8
135	https://www.orthrusonline.ru/static/images/p/nextgen/palkiaorigin.png	6.3	660	80	Бесполые	1	1	100
136	https://www.orthrusonline.ru/static/images/p/nextgen/giratinaorigin.png	6.9	650	80	Бесполые	1	1	100
137	https://www.orthrusonline.ru/static/images/p/nextgen/shayminsky.png	0.4	5.2	80	Бесполые	39	4	99.8
138	https://www.orthrusonline.ru/static/images/p/nextgen/samurotthisui.png	1.5	58.2	14	Самцы: 87.5% Самки: 12.5% 	87	59	99.4
139	https://www.orthrusonline.ru/static/images/p/nextgen/audinomega.png	1.5	32	14	Самцы: 50% Самки: 50% 	0	0	100
140	https://www.orthrusonline.ru/static/images/p/nextgen/lilliganthisui.png	1.2	19.2	14	Самцы: 12.5% Самки: 87.5% 	21	6	99.9
141	https://www.orthrusonline.ru/static/images/p/nextgen/basculinbluestriped.png	1	18	27	Самцы: 50% Самки: 50% 	0	0	100
213	https://www.orthrusonline.ru/static/images/p/nextgen/zamazentacrowned.png	2.9	785	80	Бесполые	0	0	100
142	https://www.orthrusonline.ru/static/images/p/nextgen/basculinwhitestriped.png	1	18	27	Самцы: 50% Самки: 50% 	27	0	99.9
143	https://www.orthrusonline.ru/static/images/p/nextgen/darumakagalar.png	0.7	40	14	Самцы: 50% Самки: 50% 	1021	609	98.7
144	https://www.orthrusonline.ru/static/images/p/nextgen/darmanitangalar.png	1.7	120	14	Самцы: 50% Самки: 50% 	138	73	99.2
145	https://www.orthrusonline.ru/static/images/p/nextgen/darmanitangalarzen.png	1.7	120	14	Самцы: 50% Самки: 50% 	0	0	100
146	https://www.orthrusonline.ru/static/images/p/nextgen/darmanitanzen.png	1.3	92.9	14	Самцы: 50% Самки: 50% 	0	0	100
147	https://www.orthrusonline.ru/static/images/p/nextgen/yamaskgalar.png	0.5	1.5	17	Самцы: 50% Самки: 50% 	251	1	98.9
148	https://www.orthrusonline.ru/static/images/p/nextgen/zoruahisui.png	0.7	12.5	17	Самцы: 87.5% Самки: 12.5% 	101	2	99.5
149	https://www.orthrusonline.ru/static/images/p/nextgen/zoroarkhisui.png	1.6	73	14	Самцы: 87.5% Самки: 12.5% 	79	12	99.4
150	https://www.orthrusonline.ru/static/images/p/nextgen/stunfiskgalar.png	0.7	20.5	14	Самцы: 50% Самки: 50% 	650	12	98.5
151	https://www.orthrusonline.ru/static/images/p/nextgen/braviaryhisui.png	1.7	43.4	14	Только самцы	50	1	99.6
152	https://www.orthrusonline.ru/static/images/p/nextgen/tornadustherian.png	1.4	63	80	Только самцы	15	3	99.9
153	https://www.orthrusonline.ru/static/images/p/nextgen/thundurustherian.png	3	61	80	Только самцы	2	2	100
154	https://www.orthrusonline.ru/static/images/p/nextgen/landorustherian.png	1.3	68	80	Только самцы	1	0	100
155	https://www.orthrusonline.ru/static/images/p/nextgen/kyuremblack.png	3.3	325	80	Бесполые	29	12	99.8
156	https://www.orthrusonline.ru/static/images/p/nextgen/kyuremwhite.png	3.6	325	80	Бесполые	15	4	99.9
157	https://www.orthrusonline.ru/static/images/p/nextgen/keldeoresolute.png	1.4	48.5	54	Бесполые	18	6	99.9
158	https://www.orthrusonline.ru/static/images/p/nextgen/meloettapirouette.png	0.6	6.5	80	Бесполые	42	5	99.8
159	https://www.orthrusonline.ru/static/images/p/nextgen/greninjaash.png	1.5	40	14	Только самцы	0	0	100
160	https://www.orthrusonline.ru/static/images/p/nextgen/meowsticf.png	0.6	8.5	14	Самцы: 50% Самки: 50% 	174	4	98.7
161	https://www.orthrusonline.ru/static/images/p/nextgen/aegislashblade.png	1.7	53	14	Самцы: 50% Самки: 50% 	0	0	100
1025	https://www.orthrusonline.ru/static/images/p/nextgen/pheromosa.png	1.8	25	80	Бесполые	51	11	99.6
162	https://www.orthrusonline.ru/static/images/p/nextgen/sliggoohisui.png	0.7	68.5	27	Самцы: 50% Самки: 50% 	25	13	99.8
163	https://www.orthrusonline.ru/static/images/p/nextgen/goodrahisui.png	1.7	334.1	27	Самцы: 50% Самки: 50% 	32	8	99.7
164	https://www.orthrusonline.ru/static/images/p/nextgen/pumpkaboolarge.png	0.5	7.5	14	Самцы: 50% Самки: 50% 	1933	2	95
165	https://www.orthrusonline.ru/static/images/p/nextgen/pumpkaboosmall.png	0.3	3.5	14	Самцы: 50% Самки: 50% 	1889	4	94.8
166	https://www.orthrusonline.ru/static/images/p/nextgen/pumpkaboosuper.png	0.8	15	14	Самцы: 50% Самки: 50% 	1844	2	94.9
167	https://www.orthrusonline.ru/static/images/p/nextgen/gourgeistlarge.png	1.1	14	14	Самцы: 50% Самки: 50% 	167	2	99.4
168	https://www.orthrusonline.ru/static/images/p/nextgen/gourgeistsmall.png	0.7	9.5	14	Самцы: 50% Самки: 50% 	164	0	99.4
169	https://www.orthrusonline.ru/static/images/p/nextgen/gourgeistsuper.png	1.7	39	14	Самцы: 50% Самки: 50% 	178	4	99.2
170	https://www.orthrusonline.ru/static/images/p/nextgen/avalugghisui.png	1.4	262.4	14	Самцы: 50% Самки: 50% 	68	8	99.4
171	https://www.orthrusonline.ru/static/images/p/nextgen/zygarde10.png	1.2	33.5	80	Бесполые	1	1	100
172	https://www.orthrusonline.ru/static/images/p/nextgen/zygardecomplete.png	4.5	610	80	Бесполые	0	0	100
173	https://www.orthrusonline.ru/static/images/p/nextgen/dianciemega.png	1.1	27.8	80	Бесполые	0	0	100
174	https://www.orthrusonline.ru/static/images/p/nextgen/hoopaunbound.png	6.5	490	80	Бесполые	1	1	100
175	https://www.orthrusonline.ru/static/images/p/nextgen/decidueyehisui.png	1.6	37	10	Самцы: 87.5% Самки: 12.5% 	66	31	99.6
176	https://www.orthrusonline.ru/static/images/p/nextgen/oricoriopau.png	0.6	3.4	14	Самцы: 25% Самки: 75% 	911	7	96.2
177	https://www.orthrusonline.ru/static/images/p/nextgen/oricoriopompom.png	0.6	3.4	14	Самцы: 25% Самки: 75% 	961	11	96.7
178	https://www.orthrusonline.ru/static/images/p/nextgen/oricoriosensu.png	0.6	3.4	14	Самцы: 25% Самки: 75% 	1166	8	96.2
179	https://www.orthrusonline.ru/static/images/p/nextgen/lycanrocdusk.png	0.8	25	10	Самцы: 50% Самки: 50% 	1057	4	97.6
180	https://www.orthrusonline.ru/static/images/p/nextgen/lycanrocmidnight.png	1.1	25	10	Самцы: 50% Самки: 50% 	229	10	98.2
181	https://www.orthrusonline.ru/static/images/p/nextgen/wishiwashischool.png	8.2	78.6	10	Самцы: 50% Самки: 50% 	0	0	100
182	https://www.orthrusonline.ru/static/images/p/nextgen/miniormeteor.png	0.3	40	17	Бесполые	0	0	100
183	https://www.orthrusonline.ru/static/images/p/nextgen/mimikyubusted.png	0.2	0.7	14	Самцы: 50% Самки: 50% 	0	0	100
184	https://www.orthrusonline.ru/static/images/p/nextgen/necrozmaultra.png	7.5	230	14	Бесполые	1	1	100
185	https://www.orthrusonline.ru/static/images/p/nextgen/melmetalgmax.png	25	0	80	Бесполые	0	0	100
186	https://www.orthrusonline.ru/static/images/p/nextgen/rillaboomgmax.png	3	0	14	Самцы: 87.5% Самки: 12.5% 	0	0	100
187	https://www.orthrusonline.ru/static/images/p/nextgen/cinderacegmax.png	3	0	14	Самцы: 87.5% Самки: 12.5% 	0	0	100
188	https://www.orthrusonline.ru/static/images/p/nextgen/inteleongmax.png	3	0	14	Самцы: 87.5% Самки: 12.5% 	0	0	100
189	https://www.orthrusonline.ru/static/images/p/nextgen/corviknightgmax.png	14	0	10	Бесполые	0	0	100
190	https://www.orthrusonline.ru/static/images/p/nextgen/orbeetlegmax.png	14	0	10	Бесполые	0	0	100
191	https://www.orthrusonline.ru/static/images/p/nextgen/drednawgmax.png	24	0	14	Бесполые	0	0	100
192	https://www.orthrusonline.ru/static/images/p/nextgen/coalossalgmax.png	42	0	10	Бесполые	0	0	100
193	https://www.orthrusonline.ru/static/images/p/nextgen/flapplegmax.png	24	0	14	Бесполые	0	0	100
194	https://www.orthrusonline.ru/static/images/p/nextgen/appletungmax.png	24	0	14	Бесполые	0	0	100
195	https://www.orthrusonline.ru/static/images/p/nextgen/sandacondagmax.png	22	0	14	Бесполые	0	0	100
196	https://www.orthrusonline.ru/static/images/p/nextgen/cramorantgorging.png	0.8	18	14	Самцы: 50% Самки: 50% 	0	0	100
197	https://www.orthrusonline.ru/static/images/p/nextgen/cramorantgulping.png	0.8	18	14	Самцы: 50% Самки: 50% 	0	0	100
198	https://www.orthrusonline.ru/static/images/p/nextgen/toxtricitygmax.png	24	0	17	Самцы: 50% Самки: 50% 	0	0	100
199	https://www.orthrusonline.ru/static/images/p/nextgen/toxtricitylowkey.png	1.6	40	17	Самцы: 50% Самки: 50% 	21	0	99.8
200	https://www.orthrusonline.ru/static/images/p/nextgen/toxtricitylowkeygmax.png	24	0	17	Самцы: 50% Самки: 50% 	0	0	100
201	https://www.orthrusonline.ru/static/images/p/nextgen/centiskorchgmax.png	75	0	14	Бесполые	0	0	100
202	https://www.orthrusonline.ru/static/images/p/nextgen/sinisteaantique.png	0.1	0.2	14	Бесполые	0	0	100
203	https://www.orthrusonline.ru/static/images/p/nextgen/polteageistantique.png	0.2	0.4	14	Бесполые	0	0	100
204	https://www.orthrusonline.ru/static/images/p/nextgen/hatterenegmax.png	26	0	14	Только самки	0	0	100
205	https://www.orthrusonline.ru/static/images/p/nextgen/grimmsnarlgmax.png	32	0	14	Бесполые	0	0	100
206	https://www.orthrusonline.ru/static/images/p/nextgen/alcremiegmax.png	30	0	14	Только самки	0	0	100
207	https://www.orthrusonline.ru/static/images/p/nextgen/eiscuenoice.png	1.4	89	17	Самцы: 50% Самки: 50% 	0	0	100
208	https://www.orthrusonline.ru/static/images/p/nextgen/indeedeef.png	0.9	28	27	Только самки	1227	4	98.2
209	https://www.orthrusonline.ru/static/images/p/nextgen/morpekohangry.png	0.3	3	7	Самцы: 50% Самки: 50% 	0	0	100
210	https://www.orthrusonline.ru/static/images/p/nextgen/copperajahgmax.png	23	0	17	Самцы: 50% Самки: 50% 	0	0	100
211	https://www.orthrusonline.ru/static/images/p/nextgen/duraludongmax.png	43	0	20	Бесполые	0	0	100
214	https://www.orthrusonline.ru/static/images/p/nextgen/eternatuseternamax.png	100	0	80	Бесполые	1	1	100
215	https://www.orthrusonline.ru/static/images/p/nextgen/urshifugmax.png	3	0	80	Самцы: 87.5% Самки: 12.5% 	0	0	100
216	https://www.orthrusonline.ru/static/images/p/nextgen/urshifurapidstrike.png	1.9	105	80	Самцы: 87.5% Самки: 12.5% 	75	29	99.4
217	https://www.orthrusonline.ru/static/images/p/nextgen/urshifurapidstrikegmax.png	1.9	105	80	Самцы: 87.5% Самки: 12.5% 	0	0	100
218	https://www.orthrusonline.ru/static/images/p/nextgen/zarudedada.png	1.8	70	80	Бесполые	0	0	100
219	https://www.orthrusonline.ru/static/images/p/nextgen/calyrexice.png	2.4	809.1	80	Бесполые	38	13	99.8
220	https://www.orthrusonline.ru/static/images/p/nextgen/calyrexshadow.png	2.4	53.6	80	Бесполые	51	21	99.7
221	https://www.orthrusonline.ru/static/images/p/nextgen/ursalunabloodmoon.png	2.7	333	14	Самцы: 50% Самки: 50% 	95	68	99.3
222	https://www.orthrusonline.ru/static/images/p/nextgen/basculegionf.png	3	110	27	Самцы: 50% Самки: 50% 	2	0	100
223	https://www.orthrusonline.ru/static/images/p/nextgen/enamorustherian.png	1.6	48	80	Только самки	1	0	100
224	https://www.orthrusonline.ru/static/images/p/nextgen/mausholdfour.png	0.3	2.8	7	Бесполые	25	0	99.8
225	https://www.orthrusonline.ru/static/images/p/nextgen/dudunsparcethreesegment.png	4.5	47.4	14	Самцы: 50% Самки: 50% 	20	3	99.8
226	https://www.orthrusonline.ru/static/images/p/nextgen/ogerponcornerstone.png	1.2	39.8	80	Только самки	0	0	100
227	https://www.orthrusonline.ru/static/images/p/nextgen/ogerponhearthflame.png	1.2	39.8	80	Только самки	0	0	100
228	https://www.orthrusonline.ru/static/images/p/nextgen/ogerponwellspring.png	1.2	39.8	80	Только самки	0	0	100
229	https://www.orthrusonline.ru/static/images/p/nextgen/terapagosstellar.png	1.7	77	80	Бесполые	0	0	100
230	https://www.orthrusonline.ru/static/images/p/nextgen/terapagosterastal.png	0.3	16	80	Бесполые	0	0	100
231	https://www.orthrusonline.ru/static/images/p/nextgen/bulbasaur.png	0.7	6.9	14	Самцы: 87.5% Самки: 12.5% 	2628	51	87.8
232	https://www.orthrusonline.ru/static/images/p/nextgen/ivysaur.png	1	13	14	Самцы: 87.5% Самки: 12.5% 	864	7	92.9
233	https://www.orthrusonline.ru/static/images/p/nextgen/venusaur.png	2	100	14	Самцы: 87.5% Самки: 12.5% 	842	56	93.4
234	https://www.orthrusonline.ru/static/images/p/nextgen/charmander.png	0.6	8.5	14	Самцы: 87.5% Самки: 12.5% 	3455	232	74.8
235	https://www.orthrusonline.ru/static/images/p/nextgen/charmeleon.png	1.1	19	14	Самцы: 87.5% Самки: 12.5% 	2544	38	79.1
236	https://www.orthrusonline.ru/static/images/p/nextgen/charizard.png	1.7	90.5	14	Самцы: 87.5% Самки: 12.5% 	2306	227	81.7
237	https://www.orthrusonline.ru/static/images/p/nextgen/squirtle.png	0.5	9	14	Самцы: 87.5% Самки: 12.5% 	2678	60	91.7
238	https://www.orthrusonline.ru/static/images/p/nextgen/wartortle.png	1	22.5	14	Самцы: 87.5% Самки: 12.5% 	571	4	95.3
239	https://www.orthrusonline.ru/static/images/p/nextgen/blastoise.png	1.6	85.5	14	Самцы: 87.5% Самки: 12.5% 	528	26	95.8
240	https://www.orthrusonline.ru/static/images/p/nextgen/caterpie.png	0.3	2.9	10	Самцы: 50% Самки: 50% 	7291	269	73.4
241	https://www.orthrusonline.ru/static/images/p/nextgen/metapod.png	0.7	9.9	10	Самцы: 50% Самки: 50% 	1380	103	94.4
242	https://www.orthrusonline.ru/static/images/p/nextgen/butterfree.png	1.1	32	10	Самцы: 50% Самки: 50% 	8035	368	70.2
243	https://www.orthrusonline.ru/static/images/p/nextgen/weedle.png	0.3	3.2	10	Самцы: 50% Самки: 50% 	6150	259	88.9
244	https://www.orthrusonline.ru/static/images/p/nextgen/kakuna.png	0.6	10	10	Самцы: 50% Самки: 50% 	3702	124	91.4
245	https://www.orthrusonline.ru/static/images/p/nextgen/beedrill.png	1	29.5	10	Самцы: 50% Самки: 50% 	10833	364	80.8
246	https://www.orthrusonline.ru/static/images/p/nextgen/pidgey.png	0.3	1.8	10	Самцы: 50% Самки: 50% 	17841	228	62.4
247	https://www.orthrusonline.ru/static/images/p/nextgen/pidgeotto.png	1.1	30	10	Самцы: 50% Самки: 50% 	6433	254	79.8
248	https://www.orthrusonline.ru/static/images/p/nextgen/pidgeot.png	1.5	39.5	10	Самцы: 50% Самки: 50% 	2881	173	91.4
249	https://www.orthrusonline.ru/static/images/p/nextgen/rattata.png	0.3	3.5	10	Самцы: 50% Самки: 50% 	16154	1106	62
250	https://www.orthrusonline.ru/static/images/p/nextgen/raticate.png	0.7	18.5	10	Самцы: 50% Самки: 50% 	2335	381	88
251	https://www.orthrusonline.ru/static/images/p/nextgen/spearow.png	0.3	2	10	Самцы: 50% Самки: 50% 	8138	227	81.9
252	https://www.orthrusonline.ru/static/images/p/nextgen/fearow.png	1.2	38	10	Самцы: 50% Самки: 50% 	3344	149	87.9
253	https://www.orthrusonline.ru/static/images/p/nextgen/ekans.png	2	6.9	14	Самцы: 50% Самки: 50% 	8088	81	74.5
254	https://www.orthrusonline.ru/static/images/p/nextgen/arbok.png	3.5	65	14	Самцы: 50% Самки: 50% 	3203	132	86.7
255	https://www.orthrusonline.ru/static/images/p/nextgen/pikachu.png	0.4	6	7	Самцы: 50% Самки: 50% 	24922	49	43.8
256	https://www.orthrusonline.ru/static/images/p/nextgen/raichu.png	0.8	30	7	Самцы: 50% Самки: 50% 	468	10	96.3
257	https://www.orthrusonline.ru/static/images/p/nextgen/sandshrew.png	0.6	12	14	Самцы: 50% Самки: 50% 	5548	20	86.8
258	https://www.orthrusonline.ru/static/images/p/nextgen/sandslash.png	1	29.5	14	Самцы: 50% Самки: 50% 	2662	42	87.3
259	https://www.orthrusonline.ru/static/images/p/nextgen/nidoranf.png	0.4	7	14	Только самки	10429	172	80.8
260	https://www.orthrusonline.ru/static/images/p/nextgen/nidorina.png	0.8	20	14	Только самки	2802	109	88.4
261	https://www.orthrusonline.ru/static/images/p/nextgen/nidoqueen.png	1.3	60	14	Только самки	93	33	99.3
262	https://www.orthrusonline.ru/static/images/p/nextgen/nidoranm.png	0.5	9	14	Только самцы	9952	182	82.2
263	https://www.orthrusonline.ru/static/images/p/nextgen/nidorino.png	0.9	19.5	14	Только самцы	3230	109	88.2
264	https://www.orthrusonline.ru/static/images/p/nextgen/nidoking.png	1.4	62	14	Только самцы	126	27	99.1
265	https://www.orthrusonline.ru/static/images/p/nextgen/clefairy.png	0.6	7.5	7	Самцы: 25% Самки: 75% 	11186	90	89.2
266	https://www.orthrusonline.ru/static/images/p/nextgen/clefable.png	1.3	40	7	Самцы: 25% Самки: 75% 	341	43	98
267	https://www.orthrusonline.ru/static/images/p/nextgen/vulpix.png	0.6	9.9	14	Самцы: 25% Самки: 75% 	25340	94	65.4
268	https://www.orthrusonline.ru/static/images/p/nextgen/ninetales.png	1.1	19.9	14	Самцы: 25% Самки: 75% 	419	39	97
269	https://www.orthrusonline.ru/static/images/p/nextgen/jigglypuff.png	0.5	5.5	7	Самцы: 25% Самки: 75% 	5155	164	88.1
270	https://www.orthrusonline.ru/static/images/p/nextgen/wigglytuff.png	1	12	7	Самцы: 25% Самки: 75% 	52	23	99.6
271	https://www.orthrusonline.ru/static/images/p/nextgen/zubat.png	0.8	7.5	10	Самцы: 50% Самки: 50% 	55899	359	64
272	https://www.orthrusonline.ru/static/images/p/nextgen/golbat.png	1.6	55	10	Самцы: 50% Самки: 50% 	10916	299	70.5
273	https://www.orthrusonline.ru/static/images/p/nextgen/oddish.png	0.5	5.4	14	Самцы: 50% Самки: 50% 	24423	229	61.6
274	https://www.orthrusonline.ru/static/images/p/nextgen/gloom.png	0.8	8.6	14	Самцы: 50% Самки: 50% 	4163	181	83.6
275	https://www.orthrusonline.ru/static/images/p/nextgen/vileplume.png	1.2	18.6	14	Самцы: 50% Самки: 50% 	265	47	98.1
276	https://www.orthrusonline.ru/static/images/p/nextgen/paras.png	0.3	5.4	14	Самцы: 50% Самки: 50% 	6801	92	79.4
277	https://www.orthrusonline.ru/static/images/p/nextgen/parasect.png	1	29.5	14	Самцы: 50% Самки: 50% 	863	29	94.7
278	https://www.orthrusonline.ru/static/images/p/nextgen/venonat.png	1	30	14	Самцы: 50% Самки: 50% 	13010	48	78.3
279	https://www.orthrusonline.ru/static/images/p/nextgen/venomoth.png	1.5	12.5	14	Самцы: 50% Самки: 50% 	4289	50	85.4
280	https://www.orthrusonline.ru/static/images/p/nextgen/diglett.png	0.2	0.8	14	Самцы: 50% Самки: 50% 	10308	582	81
281	https://www.orthrusonline.ru/static/images/p/nextgen/dugtrio.png	0.7	33.3	14	Самцы: 50% Самки: 50% 	5124	401	79.5
282	https://www.orthrusonline.ru/static/images/p/nextgen/meowth.png	0.4	4.2	14	Самцы: 50% Самки: 50% 	7576	137	80.6
283	https://www.orthrusonline.ru/static/images/p/nextgen/persian.png	1	32	14	Самцы: 50% Самки: 50% 	1021	17	94.1
284	https://www.orthrusonline.ru/static/images/p/nextgen/psyduck.png	0.8	19.6	14	Самцы: 50% Самки: 50% 	20092	129	68.6
285	https://www.orthrusonline.ru/static/images/p/nextgen/golduck.png	1.7	76.6	14	Самцы: 50% Самки: 50% 	2266	53	90.4
286	https://www.orthrusonline.ru/static/images/p/nextgen/mankey.png	0.5	28	14	Самцы: 50% Самки: 50% 	26679	526	78
287	https://www.orthrusonline.ru/static/images/p/nextgen/primeape.png	1	32	14	Самцы: 50% Самки: 50% 	8134	216	83
288	https://www.orthrusonline.ru/static/images/p/nextgen/growlithe.png	0.7	19	14	Самцы: 75% Самки: 25% 	28889	98	37.1
289	https://www.orthrusonline.ru/static/images/p/nextgen/arcanine.png	1.9	155	14	Самцы: 75% Самки: 25% 	620	45	95.9
290	https://www.orthrusonline.ru/static/images/p/nextgen/poliwag.png	0.6	12.4	14	Самцы: 50% Самки: 50% 	10331	33	88.4
1020	https://www.orthrusonline.ru/static/images/p/nextgen/cosmoem.png	0.1	999.9	80	Бесполые	1	0	100
291	https://www.orthrusonline.ru/static/images/p/nextgen/poliwhirl.png	1	20	14	Самцы: 50% Самки: 50% 	827	11	96.7
495	https://www.orthrusonline.ru/static/images/p/nextgen/wurmple.png	0.3	3.6	10	Самцы: 50% Самки: 50% 	14611	129	32.5
292	https://www.orthrusonline.ru/static/images/p/nextgen/poliwrath.png	1.3	54	14	Самцы: 50% Самки: 50% 	188	13	98.8
293	https://www.orthrusonline.ru/static/images/p/nextgen/abra.png	0.9	19.5	14	Самцы: 75% Самки: 25% 	21198	31	76.7
294	https://www.orthrusonline.ru/static/images/p/nextgen/kadabra.png	1.3	56.5	14	Самцы: 75% Самки: 25% 	1840	9	95
295	https://www.orthrusonline.ru/static/images/p/nextgen/alakazam.png	1.5	48	14	Самцы: 75% Самки: 25% 	948	17	93.4
296	https://www.orthrusonline.ru/static/images/p/nextgen/machop.png	0.8	19.5	14	Самцы: 75% Самки: 25% 	15606	40	85.4
297	https://www.orthrusonline.ru/static/images/p/nextgen/machoke.png	1.5	70.5	14	Самцы: 75% Самки: 25% 	48687	175	81.1
298	https://www.orthrusonline.ru/static/images/p/nextgen/machamp.png	1.6	130	14	Самцы: 75% Самки: 25% 	17082	88	86.3
299	https://www.orthrusonline.ru/static/images/p/nextgen/bellsprout.png	0.7	4	14	Самцы: 50% Самки: 50% 	7421	161	80
300	https://www.orthrusonline.ru/static/images/p/nextgen/weepinbell.png	1	6.4	14	Самцы: 50% Самки: 50% 	3227	164	89.1
301	https://www.orthrusonline.ru/static/images/p/nextgen/victreebel.png	1.7	15.5	14	Самцы: 50% Самки: 50% 	361	33	97.6
302	https://www.orthrusonline.ru/static/images/p/nextgen/tentacool.png	0.9	45.5	14	Самцы: 50% Самки: 50% 	14117	23	89.6
303	https://www.orthrusonline.ru/static/images/p/nextgen/tentacruel.png	1.6	55	14	Самцы: 50% Самки: 50% 	3902	13	92.9
304	https://www.orthrusonline.ru/static/images/p/nextgen/geodude.png	0.4	20	10	Самцы: 50% Самки: 50% 	21287	284	66.2
305	https://www.orthrusonline.ru/static/images/p/nextgen/graveler.png	1	105	10	Самцы: 50% Самки: 50% 	9976	291	80.1
306	https://www.orthrusonline.ru/static/images/p/nextgen/golem.png	1.4	300	10	Самцы: 50% Самки: 50% 	3457	185	88.9
307	https://www.orthrusonline.ru/static/images/p/nextgen/ponyta.png	1	30	14	Самцы: 50% Самки: 50% 	44961	251	51.4
308	https://www.orthrusonline.ru/static/images/p/nextgen/rapidash.png	1.7	95	14	Самцы: 50% Самки: 50% 	1758	83	92.6
309	https://www.orthrusonline.ru/static/images/p/nextgen/slowpoke.png	1.2	36	14	Самцы: 50% Самки: 50% 	6641	51	93.9
310	https://www.orthrusonline.ru/static/images/p/nextgen/slowbro.png	1.6	78.5	14	Самцы: 50% Самки: 50% 	251	25	98.3
311	https://www.orthrusonline.ru/static/images/p/nextgen/magnemite.png	0.3	6	14	Бесполые	10552	124	89.7
312	https://www.orthrusonline.ru/static/images/p/nextgen/magneton.png	1	60	14	Бесполые	1219	54	94.1
476	https://www.orthrusonline.ru/static/images/p/nextgen/larvitar.png	0.6	72	27	Самцы: 50% Самки: 50% 	1490	718	98.1
313	https://www.orthrusonline.ru/static/images/p/nextgen/farfetchd.png	0.8	15	14	Самцы: 50% Самки: 50% 	7716	270	69.6
314	https://www.orthrusonline.ru/static/images/p/nextgen/doduo.png	1.4	39.2	14	Самцы: 50% Самки: 50% 	12343	104	74.8
315	https://www.orthrusonline.ru/static/images/p/nextgen/dodrio.png	1.8	85.2	14	Самцы: 50% Самки: 50% 	47300	178	87.3
316	https://www.orthrusonline.ru/static/images/p/nextgen/seel.png	1.1	90	14	Самцы: 50% Самки: 50% 	6777	41	89
317	https://www.orthrusonline.ru/static/images/p/nextgen/dewgong.png	1.7	120	14	Самцы: 50% Самки: 50% 	598	22	96.6
318	https://www.orthrusonline.ru/static/images/p/nextgen/grimer.png	0.9	30	14	Самцы: 50% Самки: 50% 	10459	138	83.7
319	https://www.orthrusonline.ru/static/images/p/nextgen/muk.png	1.2	30	14	Самцы: 50% Самки: 50% 	2585	64	91.8
320	https://www.orthrusonline.ru/static/images/p/nextgen/shellder.png	0.3	4	14	Самцы: 50% Самки: 50% 	37845	84	80.6
321	https://www.orthrusonline.ru/static/images/p/nextgen/cloyster.png	1.5	132.5	14	Самцы: 50% Самки: 50% 	648	36	96.3
322	https://www.orthrusonline.ru/static/images/p/nextgen/gastly.png	1.3	0.1	14	Самцы: 50% Самки: 50% 	46304	229	74.1
323	https://www.orthrusonline.ru/static/images/p/nextgen/haunter.png	1.6	0.1	14	Самцы: 50% Самки: 50% 	15298	113	86.2
324	https://www.orthrusonline.ru/static/images/p/nextgen/gengar.png	1.5	40.5	14	Самцы: 50% Самки: 50% 	2545	119	86.1
325	https://www.orthrusonline.ru/static/images/p/nextgen/onix.png	8.8	210	17	Самцы: 50% Самки: 50% 	23938	156	55.4
326	https://www.orthrusonline.ru/static/images/p/nextgen/drowzee.png	1	32.4	14	Самцы: 50% Самки: 50% 	8876	197	81.7
327	https://www.orthrusonline.ru/static/images/p/nextgen/hypno.png	1.6	75.6	14	Самцы: 50% Самки: 50% 	1425	70	93.5
328	https://www.orthrusonline.ru/static/images/p/nextgen/krabby.png	0.4	6.5	14	Самцы: 50% Самки: 50% 	23772	169	78.7
329	https://www.orthrusonline.ru/static/images/p/nextgen/kingler.png	1.3	60	14	Самцы: 50% Самки: 50% 	690	33	95.1
330	https://www.orthrusonline.ru/static/images/p/nextgen/voltorb.png	0.5	10.4	14	Бесполые	9597	176	81.6
331	https://www.orthrusonline.ru/static/images/p/nextgen/electrode.png	1.2	66.6	14	Бесполые	315	42	97.8
332	https://www.orthrusonline.ru/static/images/p/nextgen/exeggcute.png	0.4	2.5	14	Самцы: 50% Самки: 50% 	13458	40	84
333	https://www.orthrusonline.ru/static/images/p/nextgen/exeggutor.png	2	120	14	Самцы: 50% Самки: 50% 	118	6	99.1
334	https://www.orthrusonline.ru/static/images/p/nextgen/cubone.png	0.4	6.5	14	Самцы: 50% Самки: 50% 	13924	163	69.7
335	https://www.orthrusonline.ru/static/images/p/nextgen/marowak.png	1	45	14	Самцы: 50% Самки: 50% 	6314	180	79.3
336	https://www.orthrusonline.ru/static/images/p/nextgen/hitmonlee.png	1.5	49.8	17	Только самцы	344	5	98.7
337	https://www.orthrusonline.ru/static/images/p/nextgen/hitmonchan.png	1.4	50.2	17	Только самцы	107	1	99.4
338	https://www.orthrusonline.ru/static/images/p/nextgen/lickitung.png	1.2	65.5	14	Самцы: 50% Самки: 50% 	1875	4	97.1
339	https://www.orthrusonline.ru/static/images/p/nextgen/koffing.png	0.6	1	14	Самцы: 50% Самки: 50% 	13214	138	83.5
340	https://www.orthrusonline.ru/static/images/p/nextgen/weezing.png	1.2	9.5	14	Самцы: 50% Самки: 50% 	807	32	95.9
341	https://www.orthrusonline.ru/static/images/p/nextgen/rhyhorn.png	1	115	14	Самцы: 50% Самки: 50% 	22771	87	66.9
342	https://www.orthrusonline.ru/static/images/p/nextgen/rhydon.png	1.9	120	14	Самцы: 50% Самки: 50% 	1672	24	93.9
343	https://www.orthrusonline.ru/static/images/p/nextgen/chansey.png	1.1	34.6	27	Самцы: 12.5% Самки: 87.5% 	5823	17	92.3
344	https://www.orthrusonline.ru/static/images/p/nextgen/tangela.png	1	35	14	Самцы: 50% Самки: 50% 	15743	103	83.4
345	https://www.orthrusonline.ru/static/images/p/nextgen/kangaskhan.png	2.2	80	14	Самцы: 12.5% Самки: 87.5% 	13014	52	72.9
346	https://www.orthrusonline.ru/static/images/p/nextgen/horsea.png	0.4	8	14	Самцы: 50% Самки: 50% 	10924	19	93.6
347	https://www.orthrusonline.ru/static/images/p/nextgen/seadra.png	1.2	25	14	Самцы: 50% Самки: 50% 	611	10	97.6
348	https://www.orthrusonline.ru/static/images/p/nextgen/goldeen.png	0.6	15	14	Самцы: 50% Самки: 50% 	4411	123	89.2
349	https://www.orthrusonline.ru/static/images/p/nextgen/seaking.png	1.3	39	14	Самцы: 50% Самки: 50% 	326	25	98
350	https://www.orthrusonline.ru/static/images/p/nextgen/staryu.png	0.8	34.5	14	Бесполые	13089	35	85
351	https://www.orthrusonline.ru/static/images/p/nextgen/starmie.png	1.1	80	14	Бесполые	337	27	97.5
352	https://www.orthrusonline.ru/static/images/p/nextgen/mrmime.png	1.3	54.5	17	Самцы: 50% Самки: 50% 	3130	29	92.8
353	https://www.orthrusonline.ru/static/images/p/nextgen/scyther.png	1.5	56	17	Самцы: 50% Самки: 50% 	19443	33	80
354	https://www.orthrusonline.ru/static/images/p/nextgen/jynx.png	1.4	40.6	17	Только самки	1626	55	95.1
355	https://www.orthrusonline.ru/static/images/p/nextgen/electabuzz.png	1.1	30	17	Самцы: 75% Самки: 25% 	480	0	98.3
356	https://www.orthrusonline.ru/static/images/p/nextgen/magmar.png	1.3	44.5	17	Самцы: 75% Самки: 25% 	404	2	98.7
357	https://www.orthrusonline.ru/static/images/p/nextgen/pinsir.png	1.5	55	17	Самцы: 50% Самки: 50% 	23061	103	76.7
358	https://www.orthrusonline.ru/static/images/p/nextgen/tauros.png	1.4	88.4	14	Только самцы	10857	24	75.1
359	https://www.orthrusonline.ru/static/images/p/nextgen/magikarp.png	0.9	10	4	Самцы: 50% Самки: 50% 	75252	207	68.9
360	https://www.orthrusonline.ru/static/images/p/nextgen/gyarados.png	6.5	235	4	Самцы: 50% Самки: 50% 	5480	179	83.3
361	https://www.orthrusonline.ru/static/images/p/nextgen/lapras.png	2.5	220	27	Самцы: 50% Самки: 50% 	6907	27	91.4
362	https://www.orthrusonline.ru/static/images/p/nextgen/ditto.png	0.3	4	14	Бесполые	10101	152	92.4
363	https://www.orthrusonline.ru/static/images/p/nextgen/eevee.png	0.3	6.5	24	Самцы: 87.5% Самки: 12.5% 	5972	20	93.8
364	https://www.orthrusonline.ru/static/images/p/nextgen/vaporeon.png	1	29	24	Самцы: 87.5% Самки: 12.5% 	168	14	98.8
365	https://www.orthrusonline.ru/static/images/p/nextgen/jolteon.png	0.8	24.5	24	Самцы: 87.5% Самки: 12.5% 	210	10	98.4
366	https://www.orthrusonline.ru/static/images/p/nextgen/flareon.png	0.9	25	24	Самцы: 87.5% Самки: 12.5% 	176	11	98.6
367	https://www.orthrusonline.ru/static/images/p/nextgen/porygon.png	0.8	36.5	14	Бесполые	1706	688	96.6
368	https://www.orthrusonline.ru/static/images/p/nextgen/omanyte.png	0.4	7.5	20	Самцы: 87.5% Самки: 12.5% 	4761	18	94.9
369	https://www.orthrusonline.ru/static/images/p/nextgen/omastar.png	1	35	20	Самцы: 87.5% Самки: 12.5% 	108	7	99.1
370	https://www.orthrusonline.ru/static/images/p/nextgen/kabuto.png	0.5	11.5	20	Самцы: 87.5% Самки: 12.5% 	1640	3	97.1
371	https://www.orthrusonline.ru/static/images/p/nextgen/kabutops.png	1.3	40.5	20	Самцы: 87.5% Самки: 12.5% 	62	6	99.5
372	https://www.orthrusonline.ru/static/images/p/nextgen/aerodactyl.png	1.8	59	24	Самцы: 87.5% Самки: 12.5% 	189	37	99.1
373	https://www.orthrusonline.ru/static/images/p/nextgen/snorlax.png	2.1	460	27	Самцы: 87.5% Самки: 12.5% 	311	55	98.1
374	https://www.orthrusonline.ru/static/images/p/nextgen/articuno.png	1.7	55.4	54	Бесполые	70	10	99.6
375	https://www.orthrusonline.ru/static/images/p/nextgen/zapdos.png	1.6	52.6	54	Бесполые	76	9	99.6
376	https://www.orthrusonline.ru/static/images/p/nextgen/moltres.png	2	60	54	Бесполые	71	9	99.6
377	https://www.orthrusonline.ru/static/images/p/nextgen/dratini.png	1.8	3.3	27	Самцы: 50% Самки: 50% 	1418	272	97.1
1026	https://www.orthrusonline.ru/static/images/p/nextgen/xurkitree.png	3.8	100	80	Бесполые	8	2	99.9
378	https://www.orthrusonline.ru/static/images/p/nextgen/dragonair.png	4	16.5	27	Самцы: 50% Самки: 50% 	1052	21	96.9
379	https://www.orthrusonline.ru/static/images/p/nextgen/dragonite.png	2.2	210	27	Самцы: 50% Самки: 50% 	452	74	96.8
380	https://www.orthrusonline.ru/static/images/p/nextgen/mewtwo.png	2	122	80	Бесполые	47	14	99.6
381	https://www.orthrusonline.ru/static/images/p/nextgen/mew.png	0.4	4	80	Бесполые	101	44	99.2
382	https://www.orthrusonline.ru/static/images/p/nextgen/chikorita.png	0.9	6.4	14	Самцы: 87.5% Самки: 12.5% 	719	72	96.6
383	https://www.orthrusonline.ru/static/images/p/nextgen/bayleef.png	1.2	15.8	14	Самцы: 87.5% Самки: 12.5% 	213	5	98.2
384	https://www.orthrusonline.ru/static/images/p/nextgen/meganium.png	1.8	100.5	14	Самцы: 87.5% Самки: 12.5% 	228	30	98.1
385	https://www.orthrusonline.ru/static/images/p/nextgen/cyndaquil.png	0.5	7.9	14	Самцы: 87.5% Самки: 12.5% 	941	315	96.6
386	https://www.orthrusonline.ru/static/images/p/nextgen/quilava.png	0.9	19	14	Самцы: 87.5% Самки: 12.5% 	581	17	95.2
387	https://www.orthrusonline.ru/static/images/p/nextgen/typhlosion.png	1.7	79.5	14	Самцы: 87.5% Самки: 12.5% 	365	47	97
388	https://www.orthrusonline.ru/static/images/p/nextgen/totodile.png	0.6	9.5	14	Самцы: 87.5% Самки: 12.5% 	2505	368	94.7
389	https://www.orthrusonline.ru/static/images/p/nextgen/croconaw.png	1.1	25	14	Самцы: 87.5% Самки: 12.5% 	214	14	98.2
390	https://www.orthrusonline.ru/static/images/p/nextgen/feraligatr.png	2.3	88.8	14	Самцы: 87.5% Самки: 12.5% 	399	48	96.8
391	https://www.orthrusonline.ru/static/images/p/nextgen/sentret.png	0.8	6	10	Самцы: 50% Самки: 50% 	3459	168	93.4
1075	https://www.orthrusonline.ru/static/images/p/nextgen/cramorant.png	0.8	18	14	Бесполые	1229	21	97.9
392	https://www.orthrusonline.ru/static/images/p/nextgen/furret.png	1.8	32.5	10	Самцы: 50% Самки: 50% 	5767	487	77.7
522	https://www.orthrusonline.ru/static/images/p/nextgen/shedinja.png	0.8	1.2	10	Бесполые	823	7	96.7
393	https://www.orthrusonline.ru/static/images/p/nextgen/hoothoot.png	0.7	21.2	10	Самцы: 50% Самки: 50% 	5117	113	89.6
394	https://www.orthrusonline.ru/static/images/p/nextgen/noctowl.png	1.6	40.8	10	Самцы: 50% Самки: 50% 	2509	71	93.2
395	https://www.orthrusonline.ru/static/images/p/nextgen/ledyba.png	1	10.8	10	Самцы: 50% Самки: 50% 	4694	219	84
396	https://www.orthrusonline.ru/static/images/p/nextgen/ledian.png	1.4	35.6	10	Самцы: 50% Самки: 50% 	4171	129	85.1
397	https://www.orthrusonline.ru/static/images/p/nextgen/spinarak.png	0.5	8.5	10	Самцы: 50% Самки: 50% 	53051	83	0
398	https://www.orthrusonline.ru/static/images/p/nextgen/ariados.png	1.1	33.5	10	Самцы: 50% Самки: 50% 	3584	92	85.1
399	https://www.orthrusonline.ru/static/images/p/nextgen/crobat.png	1.8	75	10	Самцы: 50% Самки: 50% 	966	60	93.7
400	https://www.orthrusonline.ru/static/images/p/nextgen/chinchou.png	0.5	12	14	Самцы: 50% Самки: 50% 	6963	11	93.9
401	https://www.orthrusonline.ru/static/images/p/nextgen/lanturn.png	1.2	22.5	14	Самцы: 50% Самки: 50% 	1172	10	96.1
402	https://www.orthrusonline.ru/static/images/p/nextgen/pichu.png	0.3	2	7	Самцы: 50% Самки: 50% 	3870	9	89.4
403	https://www.orthrusonline.ru/static/images/p/nextgen/cleffa.png	0.3	3	7	Самцы: 25% Самки: 75% 	3425	58	92.1
404	https://www.orthrusonline.ru/static/images/p/nextgen/igglybuff.png	0.3	1	7	Самцы: 25% Самки: 75% 	1692	63	93.3
405	https://www.orthrusonline.ru/static/images/p/nextgen/togepi.png	0.3	1.5	7	Самцы: 87.5% Самки: 12.5% 	182	4	98.9
406	https://www.orthrusonline.ru/static/images/p/nextgen/togetic.png	0.6	3.2	7	Самцы: 87.5% Самки: 12.5% 	93	0	99.6
407	https://www.orthrusonline.ru/static/images/p/nextgen/natu.png	0.2	2	14	Самцы: 50% Самки: 50% 	2268	11	96
408	https://www.orthrusonline.ru/static/images/p/nextgen/xatu.png	1.5	15	14	Самцы: 50% Самки: 50% 	2732	28	95
409	https://www.orthrusonline.ru/static/images/p/nextgen/mareep.png	0.6	7.8	14	Самцы: 50% Самки: 50% 	12013	97	84.5
410	https://www.orthrusonline.ru/static/images/p/nextgen/flaaffy.png	0.8	13.3	14	Самцы: 50% Самки: 50% 	2093	5	94.1
411	https://www.orthrusonline.ru/static/images/p/nextgen/ampharos.png	1.4	61.5	14	Самцы: 50% Самки: 50% 	730	9	96.2
412	https://www.orthrusonline.ru/static/images/p/nextgen/bellossom.png	0.4	5.8	14	Самцы: 50% Самки: 50% 	1005	69	96.5
413	https://www.orthrusonline.ru/static/images/p/nextgen/marill.png	0.4	8.5	7	Самцы: 50% Самки: 50% 	9207	124	76.2
414	https://www.orthrusonline.ru/static/images/p/nextgen/azumarill.png	0.8	28.5	7	Самцы: 50% Самки: 50% 	2103	79	89.2
415	https://www.orthrusonline.ru/static/images/p/nextgen/sudowoodo.png	1.2	38	14	Самцы: 50% Самки: 50% 	2929	8	89.9
416	https://www.orthrusonline.ru/static/images/p/nextgen/politoed.png	1.1	33.9	14	Самцы: 50% Самки: 50% 	862	58	96.7
417	https://www.orthrusonline.ru/static/images/p/nextgen/hoppip.png	0.4	0.5	14	Самцы: 50% Самки: 50% 	7815	64	85.3
418	https://www.orthrusonline.ru/static/images/p/nextgen/skiploom.png	0.6	1	14	Самцы: 50% Самки: 50% 	7630	429	79.8
419	https://www.orthrusonline.ru/static/images/p/nextgen/jumpluff.png	0.8	3	14	Самцы: 50% Самки: 50% 	15575	140	87.3
420	https://www.orthrusonline.ru/static/images/p/nextgen/aipom.png	0.8	11.5	14	Самцы: 50% Самки: 50% 	7836	81	86.6
421	https://www.orthrusonline.ru/static/images/p/nextgen/sunkern.png	0.3	1.8	14	Самцы: 50% Самки: 50% 	3918	142	88.1
422	https://www.orthrusonline.ru/static/images/p/nextgen/sunflora.png	0.8	8.5	14	Самцы: 50% Самки: 50% 	22774	117	79.5
423	https://www.orthrusonline.ru/static/images/p/nextgen/yanma.png	1.2	38	14	Самцы: 50% Самки: 50% 	13472	96	79
424	https://www.orthrusonline.ru/static/images/p/nextgen/wooper.png	0.4	8.5	14	Самцы: 50% Самки: 50% 	55384	236	63.2
425	https://www.orthrusonline.ru/static/images/p/nextgen/quagsire.png	1.4	75	14	Самцы: 50% Самки: 50% 	1862	51	92.5
426	https://www.orthrusonline.ru/static/images/p/nextgen/espeon.png	0.9	26.5	24	Самцы: 87.5% Самки: 12.5% 	258	26	98.2
427	https://www.orthrusonline.ru/static/images/p/nextgen/umbreon.png	1	27	24	Самцы: 87.5% Самки: 12.5% 	327	50	97.6
428	https://www.orthrusonline.ru/static/images/p/nextgen/murkrow.png	0.5	2.1	14	Самцы: 50% Самки: 50% 	12249	81	82.7
429	https://www.orthrusonline.ru/static/images/p/nextgen/slowking.png	2	79.5	14	Самцы: 50% Самки: 50% 	246	18	98.6
430	https://www.orthrusonline.ru/static/images/p/nextgen/misdreavus.png	0.7	1	17	Самцы: 50% Самки: 50% 	7597	30	88.1
431	https://www.orthrusonline.ru/static/images/p/nextgen/unown.png	0.5	5	27	Бесполые	153920	86	89
432	https://www.orthrusonline.ru/static/images/p/nextgen/wobbuffet.png	1.3	28.5	14	Самцы: 50% Самки: 50% 	7124	67	81
433	https://www.orthrusonline.ru/static/images/p/nextgen/girafarig.png	1.5	41.5	14	Самцы: 50% Самки: 50% 	5021	61	87.9
434	https://www.orthrusonline.ru/static/images/p/nextgen/pineco.png	0.6	7.2	14	Самцы: 50% Самки: 50% 	18743	49	20.2
435	https://www.orthrusonline.ru/static/images/p/nextgen/forretress.png	1.2	125.8	14	Самцы: 50% Самки: 50% 	739	13	94.3
436	https://www.orthrusonline.ru/static/images/p/nextgen/dunsparce.png	1.5	14	14	Самцы: 50% Самки: 50% 	6557	38	81.8
437	https://www.orthrusonline.ru/static/images/p/nextgen/gligar.png	1.1	64.8	14	Самцы: 50% Самки: 50% 	14915	16	87.3
438	https://www.orthrusonline.ru/static/images/p/nextgen/steelix.png	9.2	400	17	Самцы: 50% Самки: 50% 	307	32	97.9
439	https://www.orthrusonline.ru/static/images/p/nextgen/snubbull.png	0.6	7.8	14	Самцы: 25% Самки: 75% 	5684	63	90.2
440	https://www.orthrusonline.ru/static/images/p/nextgen/granbull.png	1.4	48.7	14	Самцы: 25% Самки: 75% 	2022	52	92.9
441	https://www.orthrusonline.ru/static/images/p/nextgen/qwilfish.png	0.5	3.9	14	Самцы: 50% Самки: 50% 	2525	17	95.3
442	https://www.orthrusonline.ru/static/images/p/nextgen/scizor.png	1.8	118	17	Самцы: 50% Самки: 50% 	357	34	97.5
443	https://www.orthrusonline.ru/static/images/p/nextgen/shuckle.png	0.6	20.5	14	Самцы: 50% Самки: 50% 	7326	14	87.9
444	https://www.orthrusonline.ru/static/images/p/nextgen/heracross.png	1.5	54	17	Самцы: 50% Самки: 50% 	7160	30	87.1
445	https://www.orthrusonline.ru/static/images/p/nextgen/sneasel.png	0.9	28	14	Самцы: 50% Самки: 50% 	38476	522	67.8
446	https://www.orthrusonline.ru/static/images/p/nextgen/teddiursa.png	0.6	8.8	14	Самцы: 50% Самки: 50% 	7074	752	90
447	https://www.orthrusonline.ru/static/images/p/nextgen/ursaring.png	1.8	125.8	14	Самцы: 50% Самки: 50% 	8391	89	81.5
448	https://www.orthrusonline.ru/static/images/p/nextgen/slugma.png	0.7	35	14	Самцы: 50% Самки: 50% 	3626	27	96.4
449	https://www.orthrusonline.ru/static/images/p/nextgen/magcargo.png	0.8	55	14	Самцы: 50% Самки: 50% 	3561	45	92.4
450	https://www.orthrusonline.ru/static/images/p/nextgen/swinub.png	0.4	6.5	14	Самцы: 50% Самки: 50% 	16112	113	83.9
451	https://www.orthrusonline.ru/static/images/p/nextgen/piloswine.png	1.1	55.8	14	Самцы: 50% Самки: 50% 	6581	60	85.2
452	https://www.orthrusonline.ru/static/images/p/nextgen/corsola.png	0.6	5	14	Самцы: 25% Самки: 75% 	7545	264	85
453	https://www.orthrusonline.ru/static/images/p/nextgen/remoraid.png	0.6	12	14	Самцы: 50% Самки: 50% 	5394	108	92.2
454	https://www.orthrusonline.ru/static/images/p/nextgen/octillery.png	0.9	28.5	14	Самцы: 50% Самки: 50% 	2591	38	93.7
455	https://www.orthrusonline.ru/static/images/p/nextgen/delibird.png	0.9	16	14	Самцы: 50% Самки: 50% 	2860	210	90
456	https://www.orthrusonline.ru/static/images/p/nextgen/mantine.png	2.1	220	17	Самцы: 50% Самки: 50% 	3260	16	95.4
457	https://www.orthrusonline.ru/static/images/p/nextgen/skarmory.png	1.7	50.5	17	Самцы: 50% Самки: 50% 	1220	367	96.9
458	https://www.orthrusonline.ru/static/images/p/nextgen/houndour.png	0.6	10.8	14	Самцы: 50% Самки: 50% 	734	2	96.6
459	https://www.orthrusonline.ru/static/images/p/nextgen/houndoom.png	1.4	35	14	Самцы: 50% Самки: 50% 	225	11	98.3
460	https://www.orthrusonline.ru/static/images/p/nextgen/kingdra.png	1.8	152	14	Самцы: 50% Самки: 50% 	124	11	99
461	https://www.orthrusonline.ru/static/images/p/nextgen/phanpy.png	0.5	33.5	14	Самцы: 50% Самки: 50% 	6965	34	83.3
462	https://www.orthrusonline.ru/static/images/p/nextgen/donphan.png	1.1	120	14	Самцы: 50% Самки: 50% 	3816	49	90
463	https://www.orthrusonline.ru/static/images/p/nextgen/porygon2.png	0.6	32.5	14	Бесполые	194	71	98.9
464	https://www.orthrusonline.ru/static/images/p/nextgen/stantler.png	1.4	71.2	14	Самцы: 50% Самки: 50% 	9823	135	80.2
465	https://www.orthrusonline.ru/static/images/p/nextgen/smeargle.png	1.2	58	14	Самцы: 50% Самки: 50% 	1501	93	96.1
466	https://www.orthrusonline.ru/static/images/p/nextgen/tyrogue.png	0.7	21	17	Только самцы	73	2	99.5
467	https://www.orthrusonline.ru/static/images/p/nextgen/hitmontop.png	1.4	48	17	Только самцы	114	3	99.4
468	https://www.orthrusonline.ru/static/images/p/nextgen/smoochum.png	0.4	6	17	Только самки	1131	112	95.9
469	https://www.orthrusonline.ru/static/images/p/nextgen/elekid.png	0.6	23.5	17	Самцы: 75% Самки: 25% 	206	7	98.9
470	https://www.orthrusonline.ru/static/images/p/nextgen/magby.png	0.7	21.4	17	Самцы: 75% Самки: 25% 	213	7	98.8
471	https://www.orthrusonline.ru/static/images/p/nextgen/miltank.png	1.2	75.5	14	Только самки	3956	12	94.5
472	https://www.orthrusonline.ru/static/images/p/nextgen/blissey.png	1.5	46.8	27	Самцы: 12.5% Самки: 87.5% 	375	20	97.7
473	https://www.orthrusonline.ru/static/images/p/nextgen/raikou.png	1.9	178	54	Бесполые	100	10	99.4
474	https://www.orthrusonline.ru/static/images/p/nextgen/entei.png	2.1	198	54	Бесполые	174	5	99.4
475	https://www.orthrusonline.ru/static/images/p/nextgen/suicune.png	2	187	54	Бесполые	114	20	99.4
477	https://www.orthrusonline.ru/static/images/p/nextgen/pupitar.png	1.2	152	27	Самцы: 50% Самки: 50% 	59	19	99.5
478	https://www.orthrusonline.ru/static/images/p/nextgen/tyranitar.png	2	202	27	Самцы: 50% Самки: 50% 	500	140	97.2
479	https://www.orthrusonline.ru/static/images/p/nextgen/lugia.png	5.2	216	80	Бесполые	26	6	99.8
480	https://www.orthrusonline.ru/static/images/p/nextgen/hooh.png	3.8	199	80	Бесполые	39	12	99.7
481	https://www.orthrusonline.ru/static/images/p/nextgen/celebi.png	0.6	5	80	Бесполые	57	42	99.6
482	https://www.orthrusonline.ru/static/images/p/nextgen/treecko.png	0.5	5	14	Самцы: 87.5% Самки: 12.5% 	769	97	95.2
483	https://www.orthrusonline.ru/static/images/p/nextgen/grovyle.png	0.9	21.6	14	Самцы: 87.5% Самки: 12.5% 	528	10	95.7
484	https://www.orthrusonline.ru/static/images/p/nextgen/sceptile.png	1.7	52.2	14	Самцы: 87.5% Самки: 12.5% 	430	51	96.5
485	https://www.orthrusonline.ru/static/images/p/nextgen/torchic.png	0.4	2.5	14	Самцы: 87.5% Самки: 12.5% 	921	54	94.1
486	https://www.orthrusonline.ru/static/images/p/nextgen/combusken.png	0.9	19.5	14	Самцы: 87.5% Самки: 12.5% 	593	10	95.1
487	https://www.orthrusonline.ru/static/images/p/nextgen/blaziken.png	1.9	52	14	Самцы: 87.5% Самки: 12.5% 	754	67	94.1
488	https://www.orthrusonline.ru/static/images/p/nextgen/mudkip.png	0.4	7.6	14	Самцы: 87.5% Самки: 12.5% 	1533	60	90.8
489	https://www.orthrusonline.ru/static/images/p/nextgen/marshtomp.png	0.7	28	14	Самцы: 87.5% Самки: 12.5% 	1156	23	90.5
490	https://www.orthrusonline.ru/static/images/p/nextgen/swampert.png	1.5	81.9	14	Самцы: 87.5% Самки: 12.5% 	896	89	92.8
491	https://www.orthrusonline.ru/static/images/p/nextgen/poochyena.png	0.5	13.6	10	Самцы: 50% Самки: 50% 	15264	168	74.6
492	https://www.orthrusonline.ru/static/images/p/nextgen/mightyena.png	1	37	10	Самцы: 50% Самки: 50% 	6128	197	77.6
493	https://www.orthrusonline.ru/static/images/p/nextgen/zigzagoon.png	0.4	17.5	10	Самцы: 50% Самки: 50% 	13391	93	84.4
494	https://www.orthrusonline.ru/static/images/p/nextgen/linoone.png	0.5	32.5	10	Самцы: 50% Самки: 50% 	1491	77	92.8
496	https://www.orthrusonline.ru/static/images/p/nextgen/silcoon.png	0.6	10	10	Самцы: 50% Самки: 50% 	898	10	94.6
497	https://www.orthrusonline.ru/static/images/p/nextgen/beautifly.png	1	28.4	10	Самцы: 50% Самки: 50% 	8277	108	67.5
498	https://www.orthrusonline.ru/static/images/p/nextgen/cascoon.png	0.7	11.5	10	Самцы: 50% Самки: 50% 	451	13	96.9
499	https://www.orthrusonline.ru/static/images/p/nextgen/dustox.png	1.2	31.6	10	Самцы: 50% Самки: 50% 	3361	45	79.2
500	https://www.orthrusonline.ru/static/images/p/nextgen/lotad.png	0.5	2.6	10	Самцы: 50% Самки: 50% 	10712	31	81.8
501	https://www.orthrusonline.ru/static/images/p/nextgen/lombre.png	1.2	32.5	10	Самцы: 50% Самки: 50% 	1043	7	96.1
502	https://www.orthrusonline.ru/static/images/p/nextgen/ludicolo.png	1.5	55	10	Самцы: 50% Самки: 50% 	495	20	97.9
503	https://www.orthrusonline.ru/static/images/p/nextgen/seedot.png	0.5	4	10	Самцы: 50% Самки: 50% 	5468	21	89.3
504	https://www.orthrusonline.ru/static/images/p/nextgen/nuzleaf.png	1	28	10	Самцы: 50% Самки: 50% 	2895	26	87.9
505	https://www.orthrusonline.ru/static/images/p/nextgen/shiftry.png	1.3	59.6	10	Самцы: 50% Самки: 50% 	242	10	98.1
506	https://www.orthrusonline.ru/static/images/p/nextgen/taillow.png	0.3	2.3	10	Самцы: 50% Самки: 50% 	15470	47	86.1
507	https://www.orthrusonline.ru/static/images/p/nextgen/swellow.png	0.7	19.8	10	Самцы: 50% Самки: 50% 	1017	23	95.6
508	https://www.orthrusonline.ru/static/images/p/nextgen/wingull.png	0.6	9.5	14	Самцы: 50% Самки: 50% 	12074	248	84.3
509	https://www.orthrusonline.ru/static/images/p/nextgen/pelipper.png	1.2	28	14	Самцы: 50% Самки: 50% 	12580	103	86.4
510	https://www.orthrusonline.ru/static/images/p/nextgen/ralts.png	0.4	6.6	14	Самцы: 50% Самки: 50% 	9483	8	92.9
511	https://www.orthrusonline.ru/static/images/p/nextgen/kirlia.png	0.8	20.2	14	Самцы: 50% Самки: 50% 	127	3	99
512	https://www.orthrusonline.ru/static/images/p/nextgen/gardevoir.png	1.6	48.4	14	Самцы: 50% Самки: 50% 	715	42	94.6
513	https://www.orthrusonline.ru/static/images/p/nextgen/surskit.png	0.5	1.7	10	Самцы: 50% Самки: 50% 	26752	151	80.4
514	https://www.orthrusonline.ru/static/images/p/nextgen/masquerain.png	0.8	3.6	10	Самцы: 50% Самки: 50% 	2458	52	85.1
515	https://www.orthrusonline.ru/static/images/p/nextgen/shroomish.png	0.4	4.5	10	Самцы: 50% Самки: 50% 	4315	10	96.4
516	https://www.orthrusonline.ru/static/images/p/nextgen/breloom.png	1.2	39.2	10	Самцы: 50% Самки: 50% 	151	9	98.8
517	https://www.orthrusonline.ru/static/images/p/nextgen/slakoth.png	0.8	24	10	Самцы: 50% Самки: 50% 	607	332	98.7
518	https://www.orthrusonline.ru/static/images/p/nextgen/vigoroth.png	1.4	46.5	10	Самцы: 50% Самки: 50% 	24	15	99.8
519	https://www.orthrusonline.ru/static/images/p/nextgen/slaking.png	2	130.5	10	Самцы: 50% Самки: 50% 	86	53	99.3
520	https://www.orthrusonline.ru/static/images/p/nextgen/nincada.png	0.5	5.5	10	Самцы: 50% Самки: 50% 	3214	3	95.4
521	https://www.orthrusonline.ru/static/images/p/nextgen/ninjask.png	0.8	12	10	Самцы: 50% Самки: 50% 	707	7	97.3
523	https://www.orthrusonline.ru/static/images/p/nextgen/whismur.png	0.6	16.3	14	Самцы: 50% Самки: 50% 	3927	39	93.1
524	https://www.orthrusonline.ru/static/images/p/nextgen/loudred.png	1	40.5	14	Самцы: 50% Самки: 50% 	6179	27	87.8
525	https://www.orthrusonline.ru/static/images/p/nextgen/exploud.png	1.5	84	14	Самцы: 50% Самки: 50% 	409	18	97
526	https://www.orthrusonline.ru/static/images/p/nextgen/makuhita.png	1	86.4	14	Самцы: 75% Самки: 25% 	3340	10	94.1
527	https://www.orthrusonline.ru/static/images/p/nextgen/hariyama.png	2.3	253.8	14	Самцы: 75% Самки: 25% 	235	7	98.2
528	https://www.orthrusonline.ru/static/images/p/nextgen/azurill.png	0.2	2	7	Самцы: 25% Самки: 75% 	2735	119	87.8
529	https://www.orthrusonline.ru/static/images/p/nextgen/nosepass.png	1	97	14	Самцы: 50% Самки: 50% 	3669	10	95.4
530	https://www.orthrusonline.ru/static/images/p/nextgen/skitty.png	0.6	11	10	Самцы: 25% Самки: 75% 	4449	33	83.6
531	https://www.orthrusonline.ru/static/images/p/nextgen/delcatty.png	1.1	32.6	10	Самцы: 25% Самки: 75% 	38	8	99.7
532	https://www.orthrusonline.ru/static/images/p/nextgen/sableye.png	0.5	11	17	Самцы: 50% Самки: 50% 	6269	82	91.6
533	https://www.orthrusonline.ru/static/images/p/nextgen/mawile.png	0.6	11.5	14	Самцы: 50% Самки: 50% 	9968	41	88.5
534	https://www.orthrusonline.ru/static/images/p/nextgen/aron.png	0.4	60	24	Самцы: 50% Самки: 50% 	18859	123	90.1
535	https://www.orthrusonline.ru/static/images/p/nextgen/lairon.png	0.9	120	24	Самцы: 50% Самки: 50% 	13051	68	71.2
536	https://www.orthrusonline.ru/static/images/p/nextgen/aggron.png	2.1	360	24	Самцы: 50% Самки: 50% 	942	28	93.4
537	https://www.orthrusonline.ru/static/images/p/nextgen/meditite.png	0.6	11.2	14	Самцы: 50% Самки: 50% 	10772	119	84.5
538	https://www.orthrusonline.ru/static/images/p/nextgen/medicham.png	1.3	31.5	14	Самцы: 50% Самки: 50% 	1231	65	94.3
539	https://www.orthrusonline.ru/static/images/p/nextgen/electrike.png	0.6	15.2	14	Самцы: 50% Самки: 50% 	6240	51	86.3
540	https://www.orthrusonline.ru/static/images/p/nextgen/manectric.png	1.5	40.2	14	Самцы: 50% Самки: 50% 	3500	71	88.9
541	https://www.orthrusonline.ru/static/images/p/nextgen/plusle.png	0.4	4.2	14	Самцы: 50% Самки: 50% 	833	7	98.8
542	https://www.orthrusonline.ru/static/images/p/nextgen/minun.png	0.4	4.2	14	Самцы: 50% Самки: 50% 	912	5	98.6
543	https://www.orthrusonline.ru/static/images/p/nextgen/volbeat.png	0.7	17.7	10	Только самцы	3222	68	91.7
544	https://www.orthrusonline.ru/static/images/p/nextgen/illumise.png	0.6	17.7	10	Только самки	2345	22	92.8
545	https://www.orthrusonline.ru/static/images/p/nextgen/roselia.png	0.3	2	14	Самцы: 50% Самки: 50% 	27282	293	60.4
546	https://www.orthrusonline.ru/static/images/p/nextgen/gulpin.png	0.4	10.3	14	Самцы: 50% Самки: 50% 	399	2	98.4
547	https://www.orthrusonline.ru/static/images/p/nextgen/swalot.png	1.7	80	14	Самцы: 50% Самки: 50% 	241	2	98.7
548	https://www.orthrusonline.ru/static/images/p/nextgen/carvanha.png	0.8	20.8	14	Самцы: 50% Самки: 50% 	6346	43	93.1
549	https://www.orthrusonline.ru/static/images/p/nextgen/sharpedo.png	1.8	88.8	14	Самцы: 50% Самки: 50% 	517	14	97.2
550	https://www.orthrusonline.ru/static/images/p/nextgen/wailmer.png	2	130	27	Самцы: 50% Самки: 50% 	6138	75	93
551	https://www.orthrusonline.ru/static/images/p/nextgen/wailord.png	14.5	398	27	Самцы: 50% Самки: 50% 	151	15	98.8
552	https://www.orthrusonline.ru/static/images/p/nextgen/numel.png	0.7	24	14	Самцы: 50% Самки: 50% 	5747	17	93.2
553	https://www.orthrusonline.ru/static/images/p/nextgen/camerupt.png	1.9	220	14	Самцы: 50% Самки: 50% 	1008	11	96.1
554	https://www.orthrusonline.ru/static/images/p/nextgen/torkoal.png	0.5	80.4	14	Самцы: 50% Самки: 50% 	4414	53	93
555	https://www.orthrusonline.ru/static/images/p/nextgen/spoink.png	0.7	30.6	14	Самцы: 50% Самки: 50% 	2669	37	91.7
556	https://www.orthrusonline.ru/static/images/p/nextgen/grumpig.png	0.9	71.5	14	Самцы: 50% Самки: 50% 	151	10	98.8
557	https://www.orthrusonline.ru/static/images/p/nextgen/spinda.png	1.1	5	10	Самцы: 50% Самки: 50% 	3231	54	87.8
558	https://www.orthrusonline.ru/static/images/p/nextgen/trapinch.png	0.7	15	14	Самцы: 50% Самки: 50% 	2645	3	96.2
559	https://www.orthrusonline.ru/static/images/p/nextgen/vibrava.png	1.1	15.3	14	Самцы: 50% Самки: 50% 	52	0	99.6
560	https://www.orthrusonline.ru/static/images/p/nextgen/flygon.png	2	82	14	Самцы: 50% Самки: 50% 	1165	27	96.6
561	https://www.orthrusonline.ru/static/images/p/nextgen/cacnea.png	0.4	51.3	14	Самцы: 50% Самки: 50% 	5234	47	92.1
562	https://www.orthrusonline.ru/static/images/p/nextgen/cacturne.png	1.3	77.4	14	Самцы: 50% Самки: 50% 	876	28	96.3
563	https://www.orthrusonline.ru/static/images/p/nextgen/swablu.png	0.4	1.2	14	Самцы: 50% Самки: 50% 	5411	5	90.4
564	https://www.orthrusonline.ru/static/images/p/nextgen/altaria.png	1.1	20.6	14	Самцы: 50% Самки: 50% 	456	17	96.6
565	https://www.orthrusonline.ru/static/images/p/nextgen/zangoose.png	1.3	40.3	14	Самцы: 50% Самки: 50% 	2235	10	96.2
566	https://www.orthrusonline.ru/static/images/p/nextgen/seviper.png	2.7	52.5	14	Самцы: 50% Самки: 50% 	1483	9	96.6
567	https://www.orthrusonline.ru/static/images/p/nextgen/lunatone.png	1	168	17	Бесполые	885	16	97.3
568	https://www.orthrusonline.ru/static/images/p/nextgen/solrock.png	1.2	154	17	Бесполые	2049	17	92.5
569	https://www.orthrusonline.ru/static/images/p/nextgen/barboach.png	0.4	1.9	14	Самцы: 50% Самки: 50% 	14200	39	84.9
570	https://www.orthrusonline.ru/static/images/p/nextgen/whiscash.png	0.9	23.6	14	Самцы: 50% Самки: 50% 	672	20	97.1
571	https://www.orthrusonline.ru/static/images/p/nextgen/corphish.png	0.6	11.5	10	Самцы: 50% Самки: 50% 	7220	17	87.7
572	https://www.orthrusonline.ru/static/images/p/nextgen/crawdaunt.png	1.1	32.8	10	Самцы: 50% Самки: 50% 	354	5	97.3
573	https://www.orthrusonline.ru/static/images/p/nextgen/baltoy.png	0.5	21.5	14	Бесполые	295	2	99.2
574	https://www.orthrusonline.ru/static/images/p/nextgen/claydol.png	1.5	108	14	Бесполые	934	1	97.1
575	https://www.orthrusonline.ru/static/images/p/nextgen/lileep.png	1	23.8	20	Самцы: 87.5% Самки: 12.5% 	1465	9	97.7
576	https://www.orthrusonline.ru/static/images/p/nextgen/cradily.png	1.5	60.4	20	Самцы: 87.5% Самки: 12.5% 	1315	7	96.8
577	https://www.orthrusonline.ru/static/images/p/nextgen/anorith.png	0.7	12.5	20	Самцы: 87.5% Самки: 12.5% 	197	74	99.3
578	https://www.orthrusonline.ru/static/images/p/nextgen/armaldo.png	1.5	68.2	20	Самцы: 87.5% Самки: 12.5% 	92	8	99.4
579	https://www.orthrusonline.ru/static/images/p/nextgen/feebas.png	0.6	7.4	14	Самцы: 50% Самки: 50% 	7805	8	95.2
580	https://www.orthrusonline.ru/static/images/p/nextgen/milotic.png	6.2	162	14	Самцы: 50% Самки: 50% 	303	35	97.8
581	https://www.orthrusonline.ru/static/images/p/nextgen/castform.png	0.3	0.8	17	Самцы: 50% Самки: 50% 	2151	6	96.2
582	https://www.orthrusonline.ru/static/images/p/nextgen/kecleon.png	1	22	14	Самцы: 50% Самки: 50% 	6126	20	84.9
583	https://www.orthrusonline.ru/static/images/p/nextgen/shuppet.png	0.6	2.3	17	Самцы: 50% Самки: 50% 	11394	197	90.9
584	https://www.orthrusonline.ru/static/images/p/nextgen/banette.png	1.1	12.5	17	Самцы: 50% Самки: 50% 	2530	45	94.6
585	https://www.orthrusonline.ru/static/images/p/nextgen/duskull.png	0.8	15	17	Самцы: 50% Самки: 50% 	1758	8	97.7
586	https://www.orthrusonline.ru/static/images/p/nextgen/dusclops.png	1.6	30.6	17	Самцы: 50% Самки: 50% 	583	7	97.7
587	https://www.orthrusonline.ru/static/images/p/nextgen/tropius.png	2	100	17	Самцы: 50% Самки: 50% 	8673	10	87.8
588	https://www.orthrusonline.ru/static/images/p/nextgen/chimecho.png	0.6	1	17	Самцы: 50% Самки: 50% 	1494	28	93.1
589	https://www.orthrusonline.ru/static/images/p/nextgen/absol.png	1.2	47	17	Самцы: 50% Самки: 50% 	13135	60	83.1
590	https://www.orthrusonline.ru/static/images/p/nextgen/wynaut.png	0.6	14	14	Самцы: 50% Самки: 50% 	709	1	97.2
591	https://www.orthrusonline.ru/static/images/p/nextgen/snorunt.png	0.7	16.8	14	Самцы: 50% Самки: 50% 	6776	77	92.1
592	https://www.orthrusonline.ru/static/images/p/nextgen/glalie.png	1.5	256.5	14	Самцы: 50% Самки: 50% 	3999	24	94.5
593	https://www.orthrusonline.ru/static/images/p/nextgen/spheal.png	0.8	39.5	14	Самцы: 50% Самки: 50% 	7679	78	91.5
594	https://www.orthrusonline.ru/static/images/p/nextgen/sealeo.png	1.1	87.6	14	Самцы: 50% Самки: 50% 	2045	35	96.7
595	https://www.orthrusonline.ru/static/images/p/nextgen/walrein.png	1.4	150.6	14	Самцы: 50% Самки: 50% 	872	28	96.3
596	https://www.orthrusonline.ru/static/images/p/nextgen/clamperl.png	0.4	52.5	14	Самцы: 50% Самки: 50% 	8099	27	90.5
597	https://www.orthrusonline.ru/static/images/p/nextgen/huntail.png	1.7	27	14	Самцы: 50% Самки: 50% 	106	2	99.2
598	https://www.orthrusonline.ru/static/images/p/nextgen/gorebyss.png	1.8	22.6	14	Самцы: 50% Самки: 50% 	95	3	99.3
599	https://www.orthrusonline.ru/static/images/p/nextgen/relicanth.png	1	23.4	27	Самцы: 87.5% Самки: 12.5% 	2662	8	93.7
600	https://www.orthrusonline.ru/static/images/p/nextgen/luvdisc.png	0.6	8.7	14	Самцы: 25% Самки: 75% 	4059	99	84.6
601	https://www.orthrusonline.ru/static/images/p/nextgen/bagon.png	0.6	42.1	27	Самцы: 50% Самки: 50% 	674	267	98.6
602	https://www.orthrusonline.ru/static/images/p/nextgen/shelgon.png	1.1	110.5	27	Самцы: 50% Самки: 50% 	33	11	99.7
603	https://www.orthrusonline.ru/static/images/p/nextgen/salamence.png	1.5	102.6	27	Самцы: 50% Самки: 50% 	286	97	98.1
604	https://www.orthrusonline.ru/static/images/p/nextgen/beldum.png	0.6	95.2	27	Бесполые	1577	670	97.4
605	https://www.orthrusonline.ru/static/images/p/nextgen/metang.png	1.2	202.5	27	Бесполые	72	19	99.4
606	https://www.orthrusonline.ru/static/images/p/nextgen/metagross.png	1.6	550	27	Бесполые	451	141	97.1
607	https://www.orthrusonline.ru/static/images/p/nextgen/regirock.png	1.7	230	54	Бесполые	39	4	99.7
608	https://www.orthrusonline.ru/static/images/p/nextgen/regice.png	1.8	175	54	Бесполые	47	17	99.7
609	https://www.orthrusonline.ru/static/images/p/nextgen/registeel.png	1.9	205	54	Бесполые	40	16	99.7
610	https://www.orthrusonline.ru/static/images/p/nextgen/latias.png	1.4	40	80	Только самки	93	57	99.5
611	https://www.orthrusonline.ru/static/images/p/nextgen/latios.png	2	60	80	Только самцы	120	71	99.4
612	https://www.orthrusonline.ru/static/images/p/nextgen/kyogre.png	4.5	352	80	Бесполые	7	1	99.9
613	https://www.orthrusonline.ru/static/images/p/nextgen/groudon.png	3.5	950	80	Бесполые	4	1	100
614	https://www.orthrusonline.ru/static/images/p/nextgen/rayquaza.png	7	206.5	80	Бесполые	44	23	99.7
615	https://www.orthrusonline.ru/static/images/p/nextgen/jirachi.png	0.3	1.1	80	Бесполые	56	27	99.6
616	https://www.orthrusonline.ru/static/images/p/nextgen/deoxys.png	1.7	60.8	80	Бесполые	18	9	99.9
617	https://www.orthrusonline.ru/static/images/p/nextgen/turtwig.png	0.4	10.2	14	Самцы: 87.5% Самки: 12.5% 	870	94	94.6
618	https://www.orthrusonline.ru/static/images/p/nextgen/grotle.png	1.1	97	14	Самцы: 87.5% Самки: 12.5% 	325	11	97.3
619	https://www.orthrusonline.ru/static/images/p/nextgen/torterra.png	2.2	310	14	Самцы: 87.5% Самки: 12.5% 	589	56	95.3
620	https://www.orthrusonline.ru/static/images/p/nextgen/chimchar.png	0.5	6.2	14	Самцы: 87.5% Самки: 12.5% 	879	120	94.9
621	https://www.orthrusonline.ru/static/images/p/nextgen/monferno.png	0.9	22	14	Самцы: 87.5% Самки: 12.5% 	1176	12	90.3
622	https://www.orthrusonline.ru/static/images/p/nextgen/infernape.png	1.2	55	14	Самцы: 87.5% Самки: 12.5% 	839	104	93.2
623	https://www.orthrusonline.ru/static/images/p/nextgen/piplup.png	0.4	5.2	14	Самцы: 87.5% Самки: 12.5% 	1969	61	94.7
624	https://www.orthrusonline.ru/static/images/p/nextgen/prinplup.png	0.8	23	14	Самцы: 87.5% Самки: 12.5% 	342	8	97.2
625	https://www.orthrusonline.ru/static/images/p/nextgen/empoleon.png	1.7	84.5	14	Самцы: 87.5% Самки: 12.5% 	404	22	96.8
626	https://www.orthrusonline.ru/static/images/p/nextgen/starly.png	0.3	2	10	Самцы: 50% Самки: 50% 	34734	192	20.1
627	https://www.orthrusonline.ru/static/images/p/nextgen/staravia.png	0.6	15.5	10	Самцы: 50% Самки: 50% 	15866	206	40.1
628	https://www.orthrusonline.ru/static/images/p/nextgen/staraptor.png	1.2	24.9	10	Самцы: 50% Самки: 50% 	3794	120	75
629	https://www.orthrusonline.ru/static/images/p/nextgen/bidoof.png	0.5	20	10	Самцы: 50% Самки: 50% 	12332	342	59.9
630	https://www.orthrusonline.ru/static/images/p/nextgen/bibarel.png	1	31.5	10	Самцы: 50% Самки: 50% 	3286	178	81.6
631	https://www.orthrusonline.ru/static/images/p/nextgen/kricketot.png	0.3	2.2	10	Самцы: 50% Самки: 50% 	12566	502	59.4
632	https://www.orthrusonline.ru/static/images/p/nextgen/kricketune.png	1	25.5	10	Самцы: 50% Самки: 50% 	25319	188	81.3
633	https://www.orthrusonline.ru/static/images/p/nextgen/shinx.png	0.5	9.5	14	Самцы: 50% Самки: 50% 	34595	125	46.4
634	https://www.orthrusonline.ru/static/images/p/nextgen/luxio.png	0.9	30.5	14	Самцы: 50% Самки: 50% 	11077	72	70.6
635	https://www.orthrusonline.ru/static/images/p/nextgen/luxray.png	1.4	42	14	Самцы: 50% Самки: 50% 	3134	58	80.2
636	https://www.orthrusonline.ru/static/images/p/nextgen/budew.png	0.2	1.2	14	Самцы: 50% Самки: 50% 	13871	303	48.3
637	https://www.orthrusonline.ru/static/images/p/nextgen/roserade.png	0.9	14.5	14	Самцы: 50% Самки: 50% 	110	35	99.2
638	https://www.orthrusonline.ru/static/images/p/nextgen/cranidos.png	0.9	31.5	20	Самцы: 87.5% Самки: 12.5% 	250	79	99.1
639	https://www.orthrusonline.ru/static/images/p/nextgen/rampardos.png	1.6	102.5	20	Самцы: 87.5% Самки: 12.5% 	604	24	98.3
640	https://www.orthrusonline.ru/static/images/p/nextgen/shieldon.png	0.5	57	20	Самцы: 87.5% Самки: 12.5% 	503	1	97.9
641	https://www.orthrusonline.ru/static/images/p/nextgen/bastiodon.png	1.3	149.5	20	Самцы: 87.5% Самки: 12.5% 	156	2	99
642	https://www.orthrusonline.ru/static/images/p/nextgen/burmy.png	0.2	3.4	10	Самцы: 50% Самки: 50% 	6851	34	79.8
643	https://www.orthrusonline.ru/static/images/p/nextgen/wormadam.png	0.5	6.5	10	Только самки	1547	30	90.6
644	https://www.orthrusonline.ru/static/images/p/nextgen/mothim.png	0.9	23.3	10	Только самцы	1281	41	92.8
645	https://www.orthrusonline.ru/static/images/p/nextgen/combee.png	0.3	5.5	10	Самцы: 87.5% Самки: 12.5% 	5307	10	87.6
646	https://www.orthrusonline.ru/static/images/p/nextgen/vespiquen.png	1.2	38.5	10	Только самки	246	8	98.1
647	https://www.orthrusonline.ru/static/images/p/nextgen/pachirisu.png	0.4	3.9	7	Самцы: 50% Самки: 50% 	13573	82	58.8
648	https://www.orthrusonline.ru/static/images/p/nextgen/buizel.png	0.7	29.5	14	Самцы: 50% Самки: 50% 	14938	100	73.2
649	https://www.orthrusonline.ru/static/images/p/nextgen/floatzel.png	1.1	33.5	14	Самцы: 50% Самки: 50% 	4030	114	82.6
650	https://www.orthrusonline.ru/static/images/p/nextgen/cherubi.png	0.4	3.3	14	Самцы: 50% Самки: 50% 	9317	204	74.4
651	https://www.orthrusonline.ru/static/images/p/nextgen/cherrim.png	0.5	9.3	14	Самцы: 50% Самки: 50% 	1042	49	93.2
652	https://www.orthrusonline.ru/static/images/p/nextgen/shellos.png	0.3	6.3	14	Самцы: 50% Самки: 50% 	27316	268	76.9
653	https://www.orthrusonline.ru/static/images/p/nextgen/gastrodon.png	0.9	29.9	14	Самцы: 50% Самки: 50% 	21816	153	61.1
654	https://www.orthrusonline.ru/static/images/p/nextgen/ambipom.png	1.2	20.3	14	Самцы: 50% Самки: 50% 	1074	35	95.5
655	https://www.orthrusonline.ru/static/images/p/nextgen/drifloon.png	0.4	1.2	20	Самцы: 50% Самки: 50% 	10869	26	83.6
656	https://www.orthrusonline.ru/static/images/p/nextgen/drifblim.png	1.2	15	20	Самцы: 50% Самки: 50% 	3463	59	88.2
657	https://www.orthrusonline.ru/static/images/p/nextgen/buneary.png	0.4	5.5	14	Самцы: 50% Самки: 50% 	27557	324	50
658	https://www.orthrusonline.ru/static/images/p/nextgen/lopunny.png	1.2	33.3	14	Самцы: 50% Самки: 50% 	691	41	95.4
659	https://www.orthrusonline.ru/static/images/p/nextgen/mismagius.png	0.9	4.4	17	Самцы: 50% Самки: 50% 	90	11	99.3
660	https://www.orthrusonline.ru/static/images/p/nextgen/honchkrow.png	0.9	27.3	14	Самцы: 50% Самки: 50% 	85	14	99.4
661	https://www.orthrusonline.ru/static/images/p/nextgen/glameow.png	0.5	3.9	14	Самцы: 25% Самки: 75% 	7940	107	75.8
662	https://www.orthrusonline.ru/static/images/p/nextgen/purugly.png	1	43.8	14	Самцы: 25% Самки: 75% 	627	31	95.2
663	https://www.orthrusonline.ru/static/images/p/nextgen/chingling.png	0.2	0.6	17	Самцы: 50% Самки: 50% 	5370	61	73
664	https://www.orthrusonline.ru/static/images/p/nextgen/stunky.png	0.4	19.2	14	Самцы: 50% Самки: 50% 	12939	247	69.2
665	https://www.orthrusonline.ru/static/images/p/nextgen/skuntank.png	1	38	14	Самцы: 50% Самки: 50% 	1920	87	89.5
666	https://www.orthrusonline.ru/static/images/p/nextgen/bronzor.png	0.5	60.5	14	Бесполые	6140	33	81.2
667	https://www.orthrusonline.ru/static/images/p/nextgen/bronzong.png	1.3	187	14	Бесполые	3734	66	90
668	https://www.orthrusonline.ru/static/images/p/nextgen/bonsly.png	0.5	15	14	Самцы: 50% Самки: 50% 	1492	5	96
669	https://www.orthrusonline.ru/static/images/p/nextgen/mimejr.png	0.6	13	17	Самцы: 50% Самки: 50% 	6090	58	80.5
670	https://www.orthrusonline.ru/static/images/p/nextgen/happiny.png	0.6	24.4	27	Самцы: 12.5% Самки: 87.5% 	649	2	98.2
671	https://www.orthrusonline.ru/static/images/p/nextgen/chatot.png	0.5	1.9	14	Самцы: 50% Самки: 50% 	13399	149	72.5
672	https://www.orthrusonline.ru/static/images/p/nextgen/spiritomb.png	1	108	20	Самцы: 50% Самки: 50% 	1404	24	96.7
673	https://www.orthrusonline.ru/static/images/p/nextgen/gible.png	0.7	20.5	27	Самцы: 50% Самки: 50% 	449	7	98.5
674	https://www.orthrusonline.ru/static/images/p/nextgen/gabite.png	1.4	56	27	Самцы: 50% Самки: 50% 	39	1	99.7
675	https://www.orthrusonline.ru/static/images/p/nextgen/garchomp.png	1.9	95	27	Самцы: 50% Самки: 50% 	223	36	98.3
676	https://www.orthrusonline.ru/static/images/p/nextgen/munchlax.png	0.6	105	27	Самцы: 87.5% Самки: 12.5% 	275	11	98.8
731	https://www.orthrusonline.ru/static/images/p/nextgen/oshawott.png	0.5	5.9	14	Самцы: 87.5% Самки: 12.5% 	1339	632	96.4
677	https://www.orthrusonline.ru/static/images/p/nextgen/riolu.png	0.7	20.2	17	Самцы: 87.5% Самки: 12.5% 	961	7	95.3
678	https://www.orthrusonline.ru/static/images/p/nextgen/lucario.png	1.2	54	17	Самцы: 87.5% Самки: 12.5% 	1521	52	95.3
679	https://www.orthrusonline.ru/static/images/p/nextgen/hippopotas.png	0.8	49.5	20	Самцы: 50% Самки: 50% 	5645	5	92.9
680	https://www.orthrusonline.ru/static/images/p/nextgen/hippowdon.png	2	300	20	Самцы: 50% Самки: 50% 	4820	20	93
681	https://www.orthrusonline.ru/static/images/p/nextgen/skorupi.png	0.8	12	14	Самцы: 50% Самки: 50% 	9138	13	90.9
682	https://www.orthrusonline.ru/static/images/p/nextgen/drapion.png	1.3	61.5	14	Самцы: 50% Самки: 50% 	405	13	97
683	https://www.orthrusonline.ru/static/images/p/nextgen/croagunk.png	0.7	23	7	Самцы: 50% Самки: 50% 	25301	211	67.2
684	https://www.orthrusonline.ru/static/images/p/nextgen/toxicroak.png	1.3	44.4	14	Самцы: 50% Самки: 50% 	7133	139	76.5
685	https://www.orthrusonline.ru/static/images/p/nextgen/carnivine.png	1.4	27	17	Самцы: 50% Самки: 50% 	3022	23	88.8
686	https://www.orthrusonline.ru/static/images/p/nextgen/finneon.png	0.4	7	14	Самцы: 50% Самки: 50% 	3392	29	93.1
687	https://www.orthrusonline.ru/static/images/p/nextgen/lumineon.png	1.2	24	14	Самцы: 50% Самки: 50% 	1873	21	93.7
688	https://www.orthrusonline.ru/static/images/p/nextgen/mantyke.png	1	65	17	Самцы: 50% Самки: 50% 	840	1	96.7
689	https://www.orthrusonline.ru/static/images/p/nextgen/snover.png	1	50.5	14	Самцы: 50% Самки: 50% 	11559	472	87.5
690	https://www.orthrusonline.ru/static/images/p/nextgen/abomasnow.png	2.2	135.5	14	Самцы: 50% Самки: 50% 	5963	182	87.8
691	https://www.orthrusonline.ru/static/images/p/nextgen/weavile.png	1.1	34	14	Самцы: 50% Самки: 50% 	457	39	97.3
692	https://www.orthrusonline.ru/static/images/p/nextgen/magnezone.png	1.2	180	14	Бесполые	533	46	97
693	https://www.orthrusonline.ru/static/images/p/nextgen/lickilicky.png	1.7	140	14	Самцы: 50% Самки: 50% 	584	5	98.1
694	https://www.orthrusonline.ru/static/images/p/nextgen/rhyperior.png	2.4	282.8	14	Самцы: 50% Самки: 50% 	225	16	98.5
695	https://www.orthrusonline.ru/static/images/p/nextgen/tangrowth.png	2	128.6	14	Самцы: 50% Самки: 50% 	1374	30	93.8
696	https://www.orthrusonline.ru/static/images/p/nextgen/electivire.png	1.8	138.6	17	Самцы: 75% Самки: 25% 	143	22	98.9
697	https://www.orthrusonline.ru/static/images/p/nextgen/magmortar.png	1.6	68	17	Самцы: 75% Самки: 25% 	105	10	99.2
698	https://www.orthrusonline.ru/static/images/p/nextgen/togekiss.png	1.5	38	7	Самцы: 87.5% Самки: 12.5% 	141	33	99
699	https://www.orthrusonline.ru/static/images/p/nextgen/yanmega.png	1.9	51.5	14	Самцы: 50% Самки: 50% 	2074	29	91.5
700	https://www.orthrusonline.ru/static/images/p/nextgen/leafeon.png	1	25.5	24	Самцы: 87.5% Самки: 12.5% 	1263	13	96.5
701	https://www.orthrusonline.ru/static/images/p/nextgen/glaceon.png	0.8	25.9	24	Самцы: 87.5% Самки: 12.5% 	2395	20	95.5
702	https://www.orthrusonline.ru/static/images/p/nextgen/gliscor.png	2	42.5	14	Самцы: 50% Самки: 50% 	1299	52	95.3
703	https://www.orthrusonline.ru/static/images/p/nextgen/mamoswine.png	2.5	291	14	Самцы: 50% Самки: 50% 	594	21	95.7
704	https://www.orthrusonline.ru/static/images/p/nextgen/porygonz.png	0.9	34	14	Бесполые	252	76	98.3
705	https://www.orthrusonline.ru/static/images/p/nextgen/gallade.png	1.6	52	14	Только самцы	187	22	98.6
706	https://www.orthrusonline.ru/static/images/p/nextgen/probopass.png	1.4	340	14	Самцы: 50% Самки: 50% 	87	4	99.4
707	https://www.orthrusonline.ru/static/images/p/nextgen/dusknoir.png	2.2	106.6	17	Самцы: 50% Самки: 50% 	699	14	98.4
708	https://www.orthrusonline.ru/static/images/p/nextgen/froslass.png	1.3	26.6	14	Только самки	98	11	99.2
709	https://www.orthrusonline.ru/static/images/p/nextgen/rotom.png	0.3	0.3	14	Бесполые	1763	12	96.3
710	https://www.orthrusonline.ru/static/images/p/nextgen/uxie.png	0.3	0.3	54	Бесполые	41	3	99.7
711	https://www.orthrusonline.ru/static/images/p/nextgen/mesprit.png	0.3	0.3	54	Бесполые	41	1	99.7
712	https://www.orthrusonline.ru/static/images/p/nextgen/azelf.png	0.3	0.3	54	Бесполые	46	8	99.7
713	https://www.orthrusonline.ru/static/images/p/nextgen/dialga.png	5.4	683	80	Бесполые	24	8	99.8
714	https://www.orthrusonline.ru/static/images/p/nextgen/palkia.png	4.2	336	80	Бесполые	18	3	99.9
715	https://www.orthrusonline.ru/static/images/p/nextgen/heatran.png	1.7	430	80	Самцы: 50% Самки: 50% 	26	10	99.8
716	https://www.orthrusonline.ru/static/images/p/nextgen/regigigas.png	3.7	420	80	Бесполые	24	0	99.8
717	https://www.orthrusonline.ru/static/images/p/nextgen/giratina.png	4.5	750	80	Бесполые	22	9	99.8
718	https://www.orthrusonline.ru/static/images/p/nextgen/cresselia.png	1.5	85.6	80	Только самки	29	6	99.8
719	https://www.orthrusonline.ru/static/images/p/nextgen/phione.png	0.4	3.1	27	Бесполые	71	3	99.5
720	https://www.orthrusonline.ru/static/images/p/nextgen/manaphy.png	0.3	1.4	80	Бесполые	76	45	99.6
721	https://www.orthrusonline.ru/static/images/p/nextgen/darkrai.png	1.5	50.5	80	Бесполые	38	7	99.7
722	https://www.orthrusonline.ru/static/images/p/nextgen/shaymin.png	0.2	2.1	80	Бесполые	54	20	99.6
723	https://www.orthrusonline.ru/static/images/p/nextgen/arceus.png	3.2	320	80	Бесполые	37	9	99.8
724	https://www.orthrusonline.ru/static/images/p/nextgen/victini.png	0.4	4	80	Бесполые	35	17	99.7
725	https://www.orthrusonline.ru/static/images/p/nextgen/snivy.png	0.6	8.1	14	Самцы: 87.5% Самки: 12.5% 	1826	701	93.9
726	https://www.orthrusonline.ru/static/images/p/nextgen/servine.png	0.8	16	14	Самцы: 87.5% Самки: 12.5% 	552	20	95.5
727	https://www.orthrusonline.ru/static/images/p/nextgen/serperior.png	3.3	63	14	Самцы: 87.5% Самки: 12.5% 	672	126	94.7
728	https://www.orthrusonline.ru/static/images/p/nextgen/tepig.png	0.5	9.9	14	Самцы: 87.5% Самки: 12.5% 	930	51	96.1
729	https://www.orthrusonline.ru/static/images/p/nextgen/pignite.png	1	55.5	14	Самцы: 87.5% Самки: 12.5% 	235	4	98.1
730	https://www.orthrusonline.ru/static/images/p/nextgen/emboar.png	1.6	150	14	Самцы: 87.5% Самки: 12.5% 	247	17	98
732	https://www.orthrusonline.ru/static/images/p/nextgen/dewott.png	0.8	24.5	14	Самцы: 87.5% Самки: 12.5% 	302	18	97.5
733	https://www.orthrusonline.ru/static/images/p/nextgen/samurott.png	1.5	94.6	14	Самцы: 87.5% Самки: 12.5% 	300	44	97.5
734	https://www.orthrusonline.ru/static/images/p/nextgen/patrat.png	0.5	11.6	10	Самцы: 50% Самки: 50% 	6721	191	82
735	https://www.orthrusonline.ru/static/images/p/nextgen/watchog.png	1.1	27	14	Самцы: 50% Самки: 50% 	22765	138	87.9
736	https://www.orthrusonline.ru/static/images/p/nextgen/lillipup.png	0.4	4.1	10	Самцы: 50% Самки: 50% 	9360	27	81.3
737	https://www.orthrusonline.ru/static/images/p/nextgen/herdier.png	0.9	14.7	10	Самцы: 50% Самки: 50% 	2313	16	91.7
738	https://www.orthrusonline.ru/static/images/p/nextgen/stoutland.png	1.2	61	10	Самцы: 50% Самки: 50% 	444	11	96.5
739	https://www.orthrusonline.ru/static/images/p/nextgen/purrloin.png	0.4	10.1	14	Самцы: 50% Самки: 50% 	5360	26	88.6
740	https://www.orthrusonline.ru/static/images/p/nextgen/liepard.png	1.1	37.5	14	Самцы: 50% Самки: 50% 	8451	77	87
741	https://www.orthrusonline.ru/static/images/p/nextgen/pansage.png	0.6	10.5	14	Самцы: 87.5% Самки: 12.5% 	2708	39	93.7
742	https://www.orthrusonline.ru/static/images/p/nextgen/simisage.png	1.1	30.5	14	Самцы: 87.5% Самки: 12.5% 	90	7	99.3
743	https://www.orthrusonline.ru/static/images/p/nextgen/pansear.png	0.6	11	14	Самцы: 87.5% Самки: 12.5% 	1526	14	96.2
744	https://www.orthrusonline.ru/static/images/p/nextgen/simisear.png	1	28	14	Самцы: 87.5% Самки: 12.5% 	50	8	99.6
745	https://www.orthrusonline.ru/static/images/p/nextgen/panpour.png	0.6	13.5	14	Самцы: 87.5% Самки: 12.5% 	3585	30	93.8
746	https://www.orthrusonline.ru/static/images/p/nextgen/simipour.png	1	29	14	Самцы: 87.5% Самки: 12.5% 	68	7	99.5
747	https://www.orthrusonline.ru/static/images/p/nextgen/munna.png	0.6	23.3	7	Самцы: 50% Самки: 50% 	726	3	98.7
748	https://www.orthrusonline.ru/static/images/p/nextgen/musharna.png	1.1	60.5	7	Самцы: 50% Самки: 50% 	29	3	99.8
749	https://www.orthrusonline.ru/static/images/p/nextgen/pidove.png	0.3	2.1	10	Самцы: 50% Самки: 50% 	733	3	98.2
750	https://www.orthrusonline.ru/static/images/p/nextgen/tranquill.png	0.6	15	10	Самцы: 50% Самки: 50% 	2783	4	91.7
751	https://www.orthrusonline.ru/static/images/p/nextgen/unfezant.png	1.2	29	10	Самцы: 50% Самки: 50% 	206	4	98.5
752	https://www.orthrusonline.ru/static/images/p/nextgen/blitzle.png	0.8	29.8	14	Самцы: 50% Самки: 50% 	1428	5	96.6
753	https://www.orthrusonline.ru/static/images/p/nextgen/zebstrika.png	1.6	79.5	14	Самцы: 50% Самки: 50% 	146	8	98.8
754	https://www.orthrusonline.ru/static/images/p/nextgen/roggenrola.png	0.4	18	10	Самцы: 50% Самки: 50% 	11923	12	92
755	https://www.orthrusonline.ru/static/images/p/nextgen/boldore.png	0.9	102	10	Самцы: 50% Самки: 50% 	9733	31	75.4
820	https://www.orthrusonline.ru/static/images/p/nextgen/foongus.png	0.2	1	14	Самцы: 50% Самки: 50% 	10955	62	84.7
756	https://www.orthrusonline.ru/static/images/p/nextgen/gigalith.png	1.7	260	10	Самцы: 50% Самки: 50% 	1271	28	91.7
834	https://www.orthrusonline.ru/static/images/p/nextgen/eelektross.png	2.1	80.5	14	Самцы: 50% Самки: 50% 	63	8	99.5
757	https://www.orthrusonline.ru/static/images/p/nextgen/woobat.png	0.4	2.1	10	Самцы: 50% Самки: 50% 	3161	25	94.5
758	https://www.orthrusonline.ru/static/images/p/nextgen/swoobat.png	0.9	10.5	10	Самцы: 50% Самки: 50% 	2996	22	90.6
968	https://www.orthrusonline.ru/static/images/p/nextgen/vikavolt.png	1.5	45	10	Самцы: 50% Самки: 50% 	209	13	98.5
759	https://www.orthrusonline.ru/static/images/p/nextgen/drilbur.png	0.3	8.5	14	Самцы: 50% Самки: 50% 	2084	4	97.1
760	https://www.orthrusonline.ru/static/images/p/nextgen/excadrill.png	0.7	40.4	14	Самцы: 50% Самки: 50% 	298	26	98
761	https://www.orthrusonline.ru/static/images/p/nextgen/audino.png	1.1	31	14	Самцы: 50% Самки: 50% 	14070	8	93.4
762	https://www.orthrusonline.ru/static/images/p/nextgen/timburr.png	0.6	12.5	14	Самцы: 75% Самки: 25% 	287	2	98.6
763	https://www.orthrusonline.ru/static/images/p/nextgen/gurdurr.png	1.2	40	14	Самцы: 75% Самки: 25% 	40	0	99.7
764	https://www.orthrusonline.ru/static/images/p/nextgen/conkeldurr.png	1.4	87	14	Самцы: 75% Самки: 25% 	166	18	98.7
765	https://www.orthrusonline.ru/static/images/p/nextgen/tympole.png	0.5	4.5	14	Самцы: 50% Самки: 50% 	4263	5	95.5
766	https://www.orthrusonline.ru/static/images/p/nextgen/palpitoad.png	0.8	17	14	Самцы: 50% Самки: 50% 	2305	4	94.2
767	https://www.orthrusonline.ru/static/images/p/nextgen/seismitoad.png	1.5	62	14	Самцы: 50% Самки: 50% 	233	6	98.2
768	https://www.orthrusonline.ru/static/images/p/nextgen/throh.png	1.3	55.5	14	Только самцы	185	37	99.1
769	https://www.orthrusonline.ru/static/images/p/nextgen/sawk.png	1.4	51	14	Только самцы	58	8	99.6
770	https://www.orthrusonline.ru/static/images/p/nextgen/sewaddle.png	0.3	2.5	10	Самцы: 50% Самки: 50% 	772	2	98.5
771	https://www.orthrusonline.ru/static/images/p/nextgen/swadloon.png	0.5	7.3	10	Самцы: 50% Самки: 50% 	1115	1	96.9
772	https://www.orthrusonline.ru/static/images/p/nextgen/leavanny.png	1.2	20.5	10	Самцы: 50% Самки: 50% 	687	6	98.2
773	https://www.orthrusonline.ru/static/images/p/nextgen/venipede.png	0.4	5.3	10	Самцы: 50% Самки: 50% 	6753	19	91.4
774	https://www.orthrusonline.ru/static/images/p/nextgen/whirlipede.png	1.2	58.5	10	Самцы: 50% Самки: 50% 	105	1	99.2
775	https://www.orthrusonline.ru/static/images/p/nextgen/scolipede.png	2.5	200.5	14	Самцы: 50% Самки: 50% 	360	15	97.3
776	https://www.orthrusonline.ru/static/images/p/nextgen/cottonee.png	0.3	0.6	14	Самцы: 50% Самки: 50% 	14418	87	87
777	https://www.orthrusonline.ru/static/images/p/nextgen/whimsicott.png	0.7	6.6	14	Самцы: 50% Самки: 50% 	127	19	99
778	https://www.orthrusonline.ru/static/images/p/nextgen/petilil.png	0.5	6.6	14	Самцы: 12.5% Самки: 87.5% 	5740	18	83.2
779	https://www.orthrusonline.ru/static/images/p/nextgen/lilligant.png	1.1	16.3	14	Самцы: 12.5% Самки: 87.5% 	68	6	99.5
780	https://www.orthrusonline.ru/static/images/p/nextgen/basculin.png	1	18	27	Самцы: 50% Самки: 50% 	546	5	98.6
781	https://www.orthrusonline.ru/static/images/p/nextgen/sandile.png	0.7	15.2	14	Самцы: 50% Самки: 50% 	2827	3	96.5
782	https://www.orthrusonline.ru/static/images/p/nextgen/krokorok.png	1	33.4	14	Самцы: 50% Самки: 50% 	55	1	99.6
783	https://www.orthrusonline.ru/static/images/p/nextgen/krookodile.png	1.5	96.3	14	Самцы: 50% Самки: 50% 	284	11	97.8
784	https://www.orthrusonline.ru/static/images/p/nextgen/darumaka.png	0.6	37.5	14	Самцы: 50% Самки: 50% 	835	2	97
785	https://www.orthrusonline.ru/static/images/p/nextgen/darmanitan.png	1.3	92.9	14	Самцы: 50% Самки: 50% 	219	7	98.4
786	https://www.orthrusonline.ru/static/images/p/nextgen/maractus.png	1	28	14	Самцы: 50% Самки: 50% 	2025	16	95.6
787	https://www.orthrusonline.ru/static/images/p/nextgen/dwebble.png	0.3	14.5	14	Самцы: 50% Самки: 50% 	4502	24	91.5
788	https://www.orthrusonline.ru/static/images/p/nextgen/crustle.png	1.4	200	14	Самцы: 50% Самки: 50% 	223	5	98.4
789	https://www.orthrusonline.ru/static/images/p/nextgen/scraggy.png	0.6	11.8	10	Самцы: 50% Самки: 50% 	652	240	97.6
790	https://www.orthrusonline.ru/static/images/p/nextgen/scrafty.png	1.1	30	10	Самцы: 50% Самки: 50% 	153	26	98.8
791	https://www.orthrusonline.ru/static/images/p/nextgen/sigilyph.png	1.4	14	14	Самцы: 50% Самки: 50% 	778	15	98
792	https://www.orthrusonline.ru/static/images/p/nextgen/yamask.png	0.5	1.5	17	Самцы: 50% Самки: 50% 	283	2	98.9
793	https://www.orthrusonline.ru/static/images/p/nextgen/cofagrigus.png	1.7	76.5	17	Самцы: 50% Самки: 50% 	88	9	99.3
794	https://www.orthrusonline.ru/static/images/p/nextgen/tirtouga.png	0.7	16.5	20	Самцы: 87.5% Самки: 12.5% 	1137	73	98.5
795	https://www.orthrusonline.ru/static/images/p/nextgen/carracosta.png	1.2	81	20	Самцы: 87.5% Самки: 12.5% 	670	11	98.7
796	https://www.orthrusonline.ru/static/images/p/nextgen/archen.png	0.5	9.5	20	Самцы: 87.5% Самки: 12.5% 	483	309	99.1
797	https://www.orthrusonline.ru/static/images/p/nextgen/archeops.png	1.4	32	20	Самцы: 87.5% Самки: 12.5% 	71	35	99.5
798	https://www.orthrusonline.ru/static/images/p/nextgen/trubbish.png	0.6	31	14	Самцы: 50% Самки: 50% 	7291	18	94.2
799	https://www.orthrusonline.ru/static/images/p/nextgen/garbodor.png	1.9	107.3	14	Самцы: 50% Самки: 50% 	649	6	97.6
800	https://www.orthrusonline.ru/static/images/p/nextgen/zorua.png	0.7	12.5	17	Самцы: 87.5% Самки: 12.5% 	1180	5	97.8
801	https://www.orthrusonline.ru/static/images/p/nextgen/zoroark.png	1.6	81.1	14	Самцы: 87.5% Самки: 12.5% 	500	25	98
802	https://www.orthrusonline.ru/static/images/p/nextgen/minccino.png	0.4	5.8	10	Самцы: 25% Самки: 75% 	2206	12	95.7
803	https://www.orthrusonline.ru/static/images/p/nextgen/cinccino.png	0.5	7.5	10	Самцы: 25% Самки: 75% 	37	5	99.7
804	https://www.orthrusonline.ru/static/images/p/nextgen/gothita.png	0.4	5.8	14	Самцы: 25% Самки: 75% 	125	1	99.3
805	https://www.orthrusonline.ru/static/images/p/nextgen/gothorita.png	0.7	18	14	Самцы: 25% Самки: 75% 	16	1	99.9
806	https://www.orthrusonline.ru/static/images/p/nextgen/gothitelle.png	1.5	44	14	Самцы: 25% Самки: 75% 	144	13	99.1
807	https://www.orthrusonline.ru/static/images/p/nextgen/solosis.png	0.3	1	14	Самцы: 50% Самки: 50% 	139	6	99.5
808	https://www.orthrusonline.ru/static/images/p/nextgen/duosion.png	0.6	8	14	Самцы: 50% Самки: 50% 	15	0	99.9
809	https://www.orthrusonline.ru/static/images/p/nextgen/reuniclus.png	1	20.1	14	Самцы: 50% Самки: 50% 	63	24	99.5
810	https://www.orthrusonline.ru/static/images/p/nextgen/ducklett.png	0.5	5.5	14	Самцы: 50% Самки: 50% 	4191	13	85.9
811	https://www.orthrusonline.ru/static/images/p/nextgen/swanna.png	1.3	24.2	14	Самцы: 50% Самки: 50% 	262	3	97.9
812	https://www.orthrusonline.ru/static/images/p/nextgen/vanillite.png	0.4	5.7	14	Самцы: 50% Самки: 50% 	3104	13	95.2
813	https://www.orthrusonline.ru/static/images/p/nextgen/vanillish.png	1.1	41	14	Самцы: 50% Самки: 50% 	50	1	99.6
814	https://www.orthrusonline.ru/static/images/p/nextgen/vanilluxe.png	1.3	57.5	14	Самцы: 50% Самки: 50% 	117	7	99.1
815	https://www.orthrusonline.ru/static/images/p/nextgen/deerling.png	0.6	19.5	14	Самцы: 50% Самки: 50% 	4793	21	93.4
816	https://www.orthrusonline.ru/static/images/p/nextgen/sawsbuck.png	1.9	92.5	14	Самцы: 50% Самки: 50% 	2804	9	89.7
817	https://www.orthrusonline.ru/static/images/p/nextgen/emolga.png	0.4	5	14	Самцы: 50% Самки: 50% 	5578	33	83.1
818	https://www.orthrusonline.ru/static/images/p/nextgen/karrablast.png	0.5	5.9	10	Самцы: 50% Самки: 50% 	2639	3	89.4
819	https://www.orthrusonline.ru/static/images/p/nextgen/escavalier.png	1	33	10	Самцы: 50% Самки: 50% 	590	1	96
821	https://www.orthrusonline.ru/static/images/p/nextgen/amoonguss.png	0.6	10.5	14	Самцы: 50% Самки: 50% 	414	29	97.2
822	https://www.orthrusonline.ru/static/images/p/nextgen/frillish.png	1.2	33	14	Самцы: 50% Самки: 50% 	4455	28	95.4
823	https://www.orthrusonline.ru/static/images/p/nextgen/jellicent.png	2.2	135	14	Самцы: 50% Самки: 50% 	139	28	99
824	https://www.orthrusonline.ru/static/images/p/nextgen/alomomola.png	1.2	31.6	27	Самцы: 50% Самки: 50% 	4774	10	90.9
825	https://www.orthrusonline.ru/static/images/p/nextgen/joltik.png	0.1	0.6	14	Самцы: 50% Самки: 50% 	210	1	98.7
826	https://www.orthrusonline.ru/static/images/p/nextgen/galvantula.png	0.8	14.3	14	Самцы: 50% Самки: 50% 	143	10	98.9
827	https://www.orthrusonline.ru/static/images/p/nextgen/ferroseed.png	0.6	18.8	14	Самцы: 50% Самки: 50% 	9117	298	95.5
828	https://www.orthrusonline.ru/static/images/p/nextgen/ferrothorn.png	1	110	14	Самцы: 50% Самки: 50% 	458	80	97.3
829	https://www.orthrusonline.ru/static/images/p/nextgen/klink.png	0.3	21	14	Бесполые	4584	4	96.4
830	https://www.orthrusonline.ru/static/images/p/nextgen/klang.png	0.6	51	14	Бесполые	43	0	99.7
831	https://www.orthrusonline.ru/static/images/p/nextgen/klinklang.png	0.6	81	14	Бесполые	128	1	99
832	https://www.orthrusonline.ru/static/images/p/nextgen/tynamo.png	0.2	0.3	14	Самцы: 50% Самки: 50% 	971	9	98.3
833	https://www.orthrusonline.ru/static/images/p/nextgen/eelektrik.png	1.2	22	14	Самцы: 50% Самки: 50% 	37	4	99.7
835	https://www.orthrusonline.ru/static/images/p/nextgen/elgyem.png	0.5	9	14	Самцы: 50% Самки: 50% 	496	0	97.8
836	https://www.orthrusonline.ru/static/images/p/nextgen/beheeyem.png	1	34.5	14	Самцы: 50% Самки: 50% 	74	1	99.4
837	https://www.orthrusonline.ru/static/images/p/nextgen/litwick.png	0.3	3.1	14	Самцы: 50% Самки: 50% 	948	24	98.4
838	https://www.orthrusonline.ru/static/images/p/nextgen/lampent.png	0.6	13	14	Самцы: 50% Самки: 50% 	53	4	99.6
839	https://www.orthrusonline.ru/static/images/p/nextgen/chandelure.png	1	34.3	14	Самцы: 50% Самки: 50% 	127	26	99.1
840	https://www.orthrusonline.ru/static/images/p/nextgen/axew.png	0.6	18	27	Самцы: 50% Самки: 50% 	406	15	98.6
841	https://www.orthrusonline.ru/static/images/p/nextgen/fraxure.png	1	36	27	Самцы: 50% Самки: 50% 	19	3	99.8
842	https://www.orthrusonline.ru/static/images/p/nextgen/haxorus.png	1.8	105.5	27	Самцы: 50% Самки: 50% 	242	59	98.3
843	https://www.orthrusonline.ru/static/images/p/nextgen/cubchoo.png	0.5	8.5	14	Самцы: 50% Самки: 50% 	3607	33	90.9
844	https://www.orthrusonline.ru/static/images/p/nextgen/beartic.png	2.6	260	14	Самцы: 50% Самки: 50% 	3172	16	93
845	https://www.orthrusonline.ru/static/images/p/nextgen/cryogonal.png	1.1	148	17	Бесполые	1601	20	97.4
846	https://www.orthrusonline.ru/static/images/p/nextgen/shelmet.png	0.4	7.7	10	Самцы: 50% Самки: 50% 	13698	12	87.4
847	https://www.orthrusonline.ru/static/images/p/nextgen/accelgor.png	0.8	25.3	10	Самцы: 50% Самки: 50% 	1373	11	94.5
848	https://www.orthrusonline.ru/static/images/p/nextgen/stunfisk.png	0.7	11	14	Самцы: 50% Самки: 50% 	937	9	98
849	https://www.orthrusonline.ru/static/images/p/nextgen/mienfoo.png	0.9	20	17	Самцы: 50% Самки: 50% 	1666	4	96.5
850	https://www.orthrusonline.ru/static/images/p/nextgen/mienshao.png	1.4	35.5	17	Самцы: 50% Самки: 50% 	178	9	98.6
851	https://www.orthrusonline.ru/static/images/p/nextgen/druddigon.png	1.6	139	20	Самцы: 50% Самки: 50% 	893	339	97.4
852	https://www.orthrusonline.ru/static/images/p/nextgen/golett.png	1	92	17	Бесполые	814	2	96.4
853	https://www.orthrusonline.ru/static/images/p/nextgen/golurk.png	2.8	330	17	Бесполые	185	13	98.5
854	https://www.orthrusonline.ru/static/images/p/nextgen/pawniard.png	0.5	10.2	14	Самцы: 50% Самки: 50% 	5302	9	96.1
855	https://www.orthrusonline.ru/static/images/p/nextgen/bisharp.png	1.6	70	14	Самцы: 50% Самки: 50% 	146	6	98.9
856	https://www.orthrusonline.ru/static/images/p/nextgen/bouffalant.png	1.6	94.6	14	Самцы: 50% Самки: 50% 	175	123	98.7
857	https://www.orthrusonline.ru/static/images/p/nextgen/rufflet.png	0.5	10.5	14	Только самцы	1811	5	97.7
858	https://www.orthrusonline.ru/static/images/p/nextgen/braviary.png	1.5	41	14	Только самцы	1274	5	96.9
859	https://www.orthrusonline.ru/static/images/p/nextgen/vullaby.png	0.5	9	14	Только самки	1738	19	98.1
860	https://www.orthrusonline.ru/static/images/p/nextgen/mandibuzz.png	1.2	39.5	14	Только самки	3536	21	93.7
861	https://www.orthrusonline.ru/static/images/p/nextgen/heatmor.png	1.4	58	14	Самцы: 50% Самки: 50% 	885	3	97.9
862	https://www.orthrusonline.ru/static/images/p/nextgen/durant.png	0.3	33	14	Самцы: 50% Самки: 50% 	3333	12	94.5
863	https://www.orthrusonline.ru/static/images/p/nextgen/deino.png	0.8	17.3	27	Самцы: 50% Самки: 50% 	209	15	98.9
864	https://www.orthrusonline.ru/static/images/p/nextgen/zweilous.png	1.4	50	27	Самцы: 50% Самки: 50% 	34	3	99.7
865	https://www.orthrusonline.ru/static/images/p/nextgen/hydreigon.png	1.8	160	27	Самцы: 50% Самки: 50% 	151	38	98.8
866	https://www.orthrusonline.ru/static/images/p/nextgen/larvesta.png	1.1	28.8	27	Самцы: 50% Самки: 50% 	43	3	99.8
867	https://www.orthrusonline.ru/static/images/p/nextgen/volcarona.png	1.6	46	27	Самцы: 50% Самки: 50% 	73	20	99.4
868	https://www.orthrusonline.ru/static/images/p/nextgen/cobalion.png	2.1	250	54	Бесполые	60	4	99.7
869	https://www.orthrusonline.ru/static/images/p/nextgen/terrakion.png	1.9	260	54	Бесполые	27	11	99.8
870	https://www.orthrusonline.ru/static/images/p/nextgen/virizion.png	2	200	54	Бесполые	50	7	99.7
871	https://www.orthrusonline.ru/static/images/p/nextgen/tornadus.png	1.5	63	80	Только самцы	95	2	99.5
872	https://www.orthrusonline.ru/static/images/p/nextgen/thundurus.png	1.5	61	80	Только самцы	100	5	99.6
873	https://www.orthrusonline.ru/static/images/p/nextgen/reshiram.png	3.2	330	80	Бесполые	25	4	99.8
874	https://www.orthrusonline.ru/static/images/p/nextgen/zekrom.png	2.9	345	80	Бесполые	47	10	99.6
875	https://www.orthrusonline.ru/static/images/p/nextgen/landorus.png	1.5	68	80	Только самцы	83	5	99.5
876	https://www.orthrusonline.ru/static/images/p/nextgen/kyurem.png	3	325	80	Бесполые	85	7	99.4
877	https://www.orthrusonline.ru/static/images/p/nextgen/keldeo.png	1.4	48.5	54	Бесполые	39	28	99.7
878	https://www.orthrusonline.ru/static/images/p/nextgen/meloetta.png	0.6	6.5	80	Бесполые	32	10	99.7
879	https://www.orthrusonline.ru/static/images/p/nextgen/genesect.png	1.5	82.5	80	Бесполые	77	11	99.5
880	https://www.orthrusonline.ru/static/images/p/nextgen/chespin.png	0.4	9	14	Самцы: 87.5% Самки: 12.5% 	503	44	97.5
881	https://www.orthrusonline.ru/static/images/p/nextgen/quilladin.png	0.7	29	14	Самцы: 87.5% Самки: 12.5% 	247	1	98
882	https://www.orthrusonline.ru/static/images/p/nextgen/chesnaught.png	1.6	90	14	Самцы: 87.5% Самки: 12.5% 	297	32	97.7
883	https://www.orthrusonline.ru/static/images/p/nextgen/fennekin.png	0.4	9.4	14	Самцы: 87.5% Самки: 12.5% 	2722	62	86.8
884	https://www.orthrusonline.ru/static/images/p/nextgen/braixen.png	1	14.5	14	Самцы: 87.5% Самки: 12.5% 	1482	26	87.8
885	https://www.orthrusonline.ru/static/images/p/nextgen/delphox.png	1.5	39	14	Самцы: 87.5% Самки: 12.5% 	1570	124	87.3
886	https://www.orthrusonline.ru/static/images/p/nextgen/froakie.png	0.3	7	14	Самцы: 87.5% Самки: 12.5% 	1968	91	86.6
887	https://www.orthrusonline.ru/static/images/p/nextgen/frogadier.png	0.6	10.9	14	Самцы: 87.5% Самки: 12.5% 	1682	27	86.2
888	https://www.orthrusonline.ru/static/images/p/nextgen/greninja.png	1.5	40	14	Самцы: 87.5% Самки: 12.5% 	1722	176	86.1
889	https://www.orthrusonline.ru/static/images/p/nextgen/bunnelby.png	0.4	5	10	Самцы: 50% Самки: 50% 	6663	69	86.5
890	https://www.orthrusonline.ru/static/images/p/nextgen/diggersby.png	1	42.4	10	Самцы: 50% Самки: 50% 	1940	64	92.5
891	https://www.orthrusonline.ru/static/images/p/nextgen/fletchling.png	0.3	1.7	10	Самцы: 50% Самки: 50% 	18765	43	75.8
892	https://www.orthrusonline.ru/static/images/p/nextgen/fletchinder.png	0.7	16	10	Самцы: 50% Самки: 50% 	2061	7	92
893	https://www.orthrusonline.ru/static/images/p/nextgen/talonflame.png	1.2	24.5	10	Самцы: 50% Самки: 50% 	1398	38	90
894	https://www.orthrusonline.ru/static/images/p/nextgen/scatterbug.png	0.3	2.5	10	Самцы: 50% Самки: 50% 	1565	25	96.7
895	https://www.orthrusonline.ru/static/images/p/nextgen/spewpa.png	0.3	8.4	10	Самцы: 50% Самки: 50% 	56	4	99.5
896	https://www.orthrusonline.ru/static/images/p/nextgen/vivillon.png	1.2	17	10	Самцы: 50% Самки: 50% 	4140	19	84.5
897	https://www.orthrusonline.ru/static/images/p/nextgen/litleo.png	0.6	13.5	14	Самцы: 25% Самки: 75% 	80	3	99.5
898	https://www.orthrusonline.ru/static/images/p/nextgen/pyroar.png	1.5	81.5	14	Самцы: 25% Самки: 75% 	62	7	99.5
899	https://www.orthrusonline.ru/static/images/p/nextgen/flabebe.png	0.1	0.1	14	Самцы: 12.5% Самки: 87.5% 	6606	15	90.9
900	https://www.orthrusonline.ru/static/images/p/nextgen/floette.png	0.2	0.9	14	Самцы: 12.5% Самки: 87.5% 	314	6	97.7
901	https://www.orthrusonline.ru/static/images/p/nextgen/florges.png	1.1	10	14	Самцы: 12.5% Самки: 87.5% 	162	10	98.8
902	https://www.orthrusonline.ru/static/images/p/nextgen/skiddo.png	0.9	31	14	Самцы: 50% Самки: 50% 	459	3	98.6
903	https://www.orthrusonline.ru/static/images/p/nextgen/gogoat.png	1.7	91	14	Самцы: 50% Самки: 50% 	2050	6	95.4
904	https://www.orthrusonline.ru/static/images/p/nextgen/pancham.png	0.6	8	17	Самцы: 50% Самки: 50% 	410	13	99.1
905	https://www.orthrusonline.ru/static/images/p/nextgen/pangoro.png	2.1	136	17	Самцы: 50% Самки: 50% 	66	11	99.5
906	https://www.orthrusonline.ru/static/images/p/nextgen/furfrou.png	1.2	28	14	Самцы: 50% Самки: 50% 	2572	9	95.6
907	https://www.orthrusonline.ru/static/images/p/nextgen/espurr.png	0.3	3.5	14	Самцы: 50% Самки: 50% 	6059	13	96.6
908	https://www.orthrusonline.ru/static/images/p/nextgen/meowstic.png	0.6	8.5	14	Самцы: 50% Самки: 50% 	158	3	98.8
909	https://www.orthrusonline.ru/static/images/p/nextgen/honedge.png	0.8	2	14	Самцы: 50% Самки: 50% 	784	252	98.4
910	https://www.orthrusonline.ru/static/images/p/nextgen/doublade.png	0.8	4.5	14	Самцы: 50% Самки: 50% 	46	13	99.6
911	https://www.orthrusonline.ru/static/images/p/nextgen/aegislash.png	1.7	53	14	Самцы: 50% Самки: 50% 	323	109	98
912	https://www.orthrusonline.ru/static/images/p/nextgen/spritzee.png	0.2	0.5	14	Самцы: 50% Самки: 50% 	3749	32	95
913	https://www.orthrusonline.ru/static/images/p/nextgen/aromatisse.png	0.8	15.5	14	Самцы: 50% Самки: 50% 	133	8	99.3
914	https://www.orthrusonline.ru/static/images/p/nextgen/swirlix.png	0.4	3.5	14	Самцы: 50% Самки: 50% 	6247	43	94.4
915	https://www.orthrusonline.ru/static/images/p/nextgen/slurpuff.png	0.8	5	14	Самцы: 50% Самки: 50% 	154	7	99.3
916	https://www.orthrusonline.ru/static/images/p/nextgen/inkay.png	0.4	3.5	14	Самцы: 50% Самки: 50% 	594	0	98.1
917	https://www.orthrusonline.ru/static/images/p/nextgen/malamar.png	1.5	47	14	Самцы: 50% Самки: 50% 	203	12	98.5
918	https://www.orthrusonline.ru/static/images/p/nextgen/binacle.png	0.5	31	14	Самцы: 50% Самки: 50% 	2720	9	96.1
919	https://www.orthrusonline.ru/static/images/p/nextgen/barbaracle.png	1.3	96	14	Самцы: 50% Самки: 50% 	492	6	97.6
920	https://www.orthrusonline.ru/static/images/p/nextgen/skrelp.png	0.5	7.3	14	Самцы: 50% Самки: 50% 	4334	9	96.2
921	https://www.orthrusonline.ru/static/images/p/nextgen/dragalge.png	1.8	81.5	14	Самцы: 50% Самки: 50% 	237	14	98.2
922	https://www.orthrusonline.ru/static/images/p/nextgen/clauncher.png	0.5	8.3	10	Самцы: 50% Самки: 50% 	6977	37	92.3
923	https://www.orthrusonline.ru/static/images/p/nextgen/clawitzer.png	1.3	35.3	10	Самцы: 50% Самки: 50% 	221	13	98.3
924	https://www.orthrusonline.ru/static/images/p/nextgen/helioptile.png	0.5	6	14	Самцы: 50% Самки: 50% 	3066	4	96.4
925	https://www.orthrusonline.ru/static/images/p/nextgen/heliolisk.png	1	21	14	Самцы: 50% Самки: 50% 	3315	14	97.8
926	https://www.orthrusonline.ru/static/images/p/nextgen/tyrunt.png	0.8	26	20	Самцы: 87.5% Самки: 12.5% 	243	3	99
927	https://www.orthrusonline.ru/static/images/p/nextgen/tyrantrum.png	2.5	270	20	Самцы: 87.5% Самки: 12.5% 	102	15	99.3
928	https://www.orthrusonline.ru/static/images/p/nextgen/amaura.png	1.3	25.2	20	Самцы: 87.5% Самки: 12.5% 	6287	27	94.9
929	https://www.orthrusonline.ru/static/images/p/nextgen/aurorus.png	2.7	225	20	Самцы: 87.5% Самки: 12.5% 	3116	18	97
930	https://www.orthrusonline.ru/static/images/p/nextgen/sylveon.png	1	23.5	24	Самцы: 87.5% Самки: 12.5% 	420	21	96.9
931	https://www.orthrusonline.ru/static/images/p/nextgen/hawlucha.png	0.8	21.5	14	Самцы: 50% Самки: 50% 	656	350	98.4
932	https://www.orthrusonline.ru/static/images/p/nextgen/dedenne.png	0.2	2.2	14	Самцы: 50% Самки: 50% 	3943	23	93
933	https://www.orthrusonline.ru/static/images/p/nextgen/carbink.png	0.3	5.7	17	Бесполые	2235	6	91.1
934	https://www.orthrusonline.ru/static/images/p/nextgen/goomy.png	0.3	2.8	27	Самцы: 50% Самки: 50% 	376	12	98.4
935	https://www.orthrusonline.ru/static/images/p/nextgen/sliggoo.png	0.8	17.5	27	Самцы: 50% Самки: 50% 	860	3	98.6
936	https://www.orthrusonline.ru/static/images/p/nextgen/goodra.png	2	150.5	27	Самцы: 50% Самки: 50% 	178	20	98.6
937	https://www.orthrusonline.ru/static/images/p/nextgen/klefki.png	0.2	3	14	Самцы: 50% Самки: 50% 	1663	84	96.4
938	https://www.orthrusonline.ru/static/images/p/nextgen/phantump.png	0.4	7	14	Самцы: 50% Самки: 50% 	2576	2	95.5
939	https://www.orthrusonline.ru/static/images/p/nextgen/trevenant.png	1.5	71	14	Самцы: 50% Самки: 50% 	1527	11	95.7
940	https://www.orthrusonline.ru/static/images/p/nextgen/pumpkaboo.png	0.4	5	14	Самцы: 50% Самки: 50% 	3949	0	92.2
1022	https://www.orthrusonline.ru/static/images/p/nextgen/lunala.png	4	120	80	Бесполые	46	23	99.7
941	https://www.orthrusonline.ru/static/images/p/nextgen/gourgeist.png	0.9	12.5	14	Самцы: 50% Самки: 50% 	577	4	97.2
942	https://www.orthrusonline.ru/static/images/p/nextgen/bergmite.png	1	99.5	14	Самцы: 50% Самки: 50% 	1655	24	95.6
943	https://www.orthrusonline.ru/static/images/p/nextgen/avalugg.png	2	505	14	Самцы: 50% Самки: 50% 	382	38	97.3
944	https://www.orthrusonline.ru/static/images/p/nextgen/noibat.png	0.5	8	14	Самцы: 50% Самки: 50% 	587	303	98.6
945	https://www.orthrusonline.ru/static/images/p/nextgen/noivern.png	1.5	85	14	Самцы: 50% Самки: 50% 	222	86	98.3
946	https://www.orthrusonline.ru/static/images/p/nextgen/xerneas.png	3	215	80	Бесполые	50	20	99.6
947	https://www.orthrusonline.ru/static/images/p/nextgen/yveltal.png	5.8	203	80	Бесполые	62	23	99.6
948	https://www.orthrusonline.ru/static/images/p/nextgen/zygarde.png	5	305	80	Бесполые	79	29	99.6
949	https://www.orthrusonline.ru/static/images/p/nextgen/diancie.png	0.7	8.8	80	Бесполые	20	4	99.9
950	https://www.orthrusonline.ru/static/images/p/nextgen/hoopa.png	0.5	9	80	Бесполые	91	10	99.5
951	https://www.orthrusonline.ru/static/images/p/nextgen/volcanion.png	1.7	195	80	Бесполые	17	4	99.9
952	https://www.orthrusonline.ru/static/images/p/nextgen/rowlet.png	0.3	1.5	10	Самцы: 87.5% Самки: 12.5% 	1295	241	92.6
953	https://www.orthrusonline.ru/static/images/p/nextgen/dartrix.png	0.7	16	10	Самцы: 87.5% Самки: 12.5% 	824	12	93.2
954	https://www.orthrusonline.ru/static/images/p/nextgen/decidueye.png	1.6	36.6	10	Самцы: 87.5% Самки: 12.5% 	1074	95	91.2
955	https://www.orthrusonline.ru/static/images/p/nextgen/litten.png	0.4	4.3	10	Самцы: 87.5% Самки: 12.5% 	2577	109	80.3
956	https://www.orthrusonline.ru/static/images/p/nextgen/torracat.png	0.7	25	10	Самцы: 87.5% Самки: 12.5% 	1924	28	84.2
957	https://www.orthrusonline.ru/static/images/p/nextgen/incineroar.png	1.8	83	10	Самцы: 87.5% Самки: 12.5% 	1795	115	85.3
958	https://www.orthrusonline.ru/static/images/p/nextgen/popplio.png	0.4	7.5	10	Самцы: 87.5% Самки: 12.5% 	972	175	94.9
959	https://www.orthrusonline.ru/static/images/p/nextgen/brionne.png	0.6	17.5	10	Самцы: 87.5% Самки: 12.5% 	492	15	96
960	https://www.orthrusonline.ru/static/images/p/nextgen/primarina.png	1.8	44	10	Самцы: 87.5% Самки: 12.5% 	601	87	95.1
961	https://www.orthrusonline.ru/static/images/p/nextgen/pikipek.png	0.3	1.2	10	Самцы: 50% Самки: 50% 	4176	6	94.5
962	https://www.orthrusonline.ru/static/images/p/nextgen/trumbeak.png	0.6	14.8	10	Самцы: 50% Самки: 50% 	3185	11	93.8
963	https://www.orthrusonline.ru/static/images/p/nextgen/toucannon.png	1.1	26	10	Самцы: 50% Самки: 50% 	1631	13	95.4
964	https://www.orthrusonline.ru/static/images/p/nextgen/yungoos.png	0.4	6	10	Самцы: 50% Самки: 50% 	9541	623	85.2
965	https://www.orthrusonline.ru/static/images/p/nextgen/gumshoos.png	0.7	14.2	10	Самцы: 50% Самки: 50% 	31273	476	82.1
966	https://www.orthrusonline.ru/static/images/p/nextgen/grubbin.png	0.4	4.4	10	Самцы: 50% Самки: 50% 	9233	24	91.6
967	https://www.orthrusonline.ru/static/images/p/nextgen/charjabug.png	0.5	10.5	10	Самцы: 50% Самки: 50% 	489	21	97.7
969	https://www.orthrusonline.ru/static/images/p/nextgen/crabrawler.png	0.6	7	14	Самцы: 50% Самки: 50% 	2583	0	96
970	https://www.orthrusonline.ru/static/images/p/nextgen/crabominable.png	1.7	180	14	Самцы: 50% Самки: 50% 	7284	51	92.2
971	https://www.orthrusonline.ru/static/images/p/nextgen/oricorio.png	0.6	3.4	14	Самцы: 25% Самки: 75% 	2655	5	92.2
972	https://www.orthrusonline.ru/static/images/p/nextgen/cutiefly.png	0.1	0.2	14	Самцы: 50% Самки: 50% 	2877	5	93.9
973	https://www.orthrusonline.ru/static/images/p/nextgen/ribombee.png	0.2	0.5	14	Самцы: 50% Самки: 50% 	2456	23	95.1
974	https://www.orthrusonline.ru/static/images/p/nextgen/rockruff.png	0.5	9.2	10	Самцы: 50% Самки: 50% 	3162	14	95.6
975	https://www.orthrusonline.ru/static/images/p/nextgen/lycanroc.png	0.8	25	10	Самцы: 50% Самки: 50% 	287	10	97.9
976	https://www.orthrusonline.ru/static/images/p/nextgen/wishiwashi.png	0.2	0.3	10	Самцы: 50% Самки: 50% 	5144	11	92.9
977	https://www.orthrusonline.ru/static/images/p/nextgen/mareanie.png	0.4	8	14	Самцы: 50% Самки: 50% 	1366	589	97.7
978	https://www.orthrusonline.ru/static/images/p/nextgen/toxapex.png	0.7	14.5	14	Самцы: 50% Самки: 50% 	415	129	97.6
979	https://www.orthrusonline.ru/static/images/p/nextgen/mudbray.png	1	110	14	Самцы: 50% Самки: 50% 	3740	9	95.6
980	https://www.orthrusonline.ru/static/images/p/nextgen/mudsdale.png	2.5	920	14	Самцы: 50% Самки: 50% 	501	9	97.9
981	https://www.orthrusonline.ru/static/images/p/nextgen/dewpider.png	0.3	4	10	Самцы: 50% Самки: 50% 	2990	15	97.3
982	https://www.orthrusonline.ru/static/images/p/nextgen/araquanid.png	1.8	82	10	Самцы: 50% Самки: 50% 	150	10	98.9
983	https://www.orthrusonline.ru/static/images/p/nextgen/fomantis.png	0.3	1.5	14	Самцы: 50% Самки: 50% 	3538	7	92.5
984	https://www.orthrusonline.ru/static/images/p/nextgen/lurantis.png	0.9	18.5	14	Самцы: 50% Самки: 50% 	2964	17	93.7
985	https://www.orthrusonline.ru/static/images/p/nextgen/morelull.png	0.2	1.5	14	Самцы: 50% Самки: 50% 	4379	14	93.3
986	https://www.orthrusonline.ru/static/images/p/nextgen/shiinotic.png	1	11.5	14	Самцы: 50% Самки: 50% 	545	3	97.8
987	https://www.orthrusonline.ru/static/images/p/nextgen/salandit.png	0.6	4.8	14	Самцы: 87.5% Самки: 12.5% 	6233	15	93.2
988	https://www.orthrusonline.ru/static/images/p/nextgen/salazzle.png	1.2	22.2	14	Только самки	215	12	98.4
989	https://www.orthrusonline.ru/static/images/p/nextgen/stufful.png	0.5	6.8	10	Самцы: 50% Самки: 50% 	8208	87	92.7
990	https://www.orthrusonline.ru/static/images/p/nextgen/bewear.png	2.1	135	10	Самцы: 50% Самки: 50% 	747	9	96.6
991	https://www.orthrusonline.ru/static/images/p/nextgen/bounsweet.png	0.3	3.2	14	Самцы: 12.5% Самки: 87.5% 	4685	15	89.7
992	https://www.orthrusonline.ru/static/images/p/nextgen/steenee.png	0.7	8.2	14	Самцы: 12.5% Самки: 87.5% 	1156	7	97.6
993	https://www.orthrusonline.ru/static/images/p/nextgen/tsareena.png	1.2	21.4	14	Самцы: 12.5% Самки: 87.5% 	411	7	96.8
1023	https://www.orthrusonline.ru/static/images/p/nextgen/nihilego.png	1.2	55.5	80	Бесполые	23	2	99.8
994	https://www.orthrusonline.ru/static/images/p/nextgen/comfey.png	0.1	0.3	14	Самцы: 25% Самки: 75% 	5633	17	91.6
995	https://www.orthrusonline.ru/static/images/p/nextgen/oranguru.png	1.5	76	14	Самцы: 50% Самки: 50% 	1442	2	97.4
996	https://www.orthrusonline.ru/static/images/p/nextgen/passimian.png	2	82.8	14	Самцы: 50% Самки: 50% 	128	16	99.2
997	https://www.orthrusonline.ru/static/images/p/nextgen/wimpod.png	0.5	12	14	Самцы: 50% Самки: 50% 	2006	1	97
998	https://www.orthrusonline.ru/static/images/p/nextgen/golisopod.png	2	108	14	Самцы: 50% Самки: 50% 	157	7	98.8
999	https://www.orthrusonline.ru/static/images/p/nextgen/sandygast.png	0.5	70	10	Самцы: 50% Самки: 50% 	3896	4	98
1000	https://www.orthrusonline.ru/static/images/p/nextgen/palossand.png	1.3	250	10	Самцы: 50% Самки: 50% 	220	7	99.1
1001	https://www.orthrusonline.ru/static/images/p/nextgen/pyukumuku.png	0.3	1.2	10	Самцы: 50% Самки: 50% 	9052	61	91.2
1002	https://www.orthrusonline.ru/static/images/p/nextgen/typenull.png	1.9	120.5	80	Бесполые	205	8	98.9
1003	https://www.orthrusonline.ru/static/images/p/nextgen/silvally.png	2.3	100.5	80	Бесполые	96	12	99.2
1004	https://www.orthrusonline.ru/static/images/p/nextgen/minior.png	0.3	0.3	17	Бесполые	2131	45	95.5
1005	https://www.orthrusonline.ru/static/images/p/nextgen/komala.png	0.4	19.9	14	Самцы: 50% Самки: 50% 	2648	46	94.9
1006	https://www.orthrusonline.ru/static/images/p/nextgen/turtonator.png	2	212	14	Самцы: 50% Самки: 50% 	148	17	99.2
1007	https://www.orthrusonline.ru/static/images/p/nextgen/togedemaru.png	0.3	3.3	7	Самцы: 50% Самки: 50% 	2591	2	94
1008	https://www.orthrusonline.ru/static/images/p/nextgen/mimikyu.png	0.2	0.7	14	Самцы: 50% Самки: 50% 	1891	28	95.6
1009	https://www.orthrusonline.ru/static/images/p/nextgen/bruxish.png	0.9	19	10	Самцы: 50% Самки: 50% 	2610	8	96.7
1010	https://www.orthrusonline.ru/static/images/p/nextgen/drampa.png	3	185	14	Самцы: 50% Самки: 50% 	774	15	98.2
1011	https://www.orthrusonline.ru/static/images/p/nextgen/dhelmise.png	3.9	210	17	Бесполые	1824	7	95.8
1012	https://www.orthrusonline.ru/static/images/p/nextgen/jangmoo.png	0.6	29.7	27	Самцы: 50% Самки: 50% 	167	4	99.2
1013	https://www.orthrusonline.ru/static/images/p/nextgen/hakamoo.png	1.2	47	27	Самцы: 50% Самки: 50% 	10	0	99.9
1014	https://www.orthrusonline.ru/static/images/p/nextgen/kommoo.png	1.6	78.2	27	Самцы: 50% Самки: 50% 	120	11	99.1
1015	https://www.orthrusonline.ru/static/images/p/nextgen/tapukoko.png	1.8	20.5	54	Бесполые	116	25	99.4
1016	https://www.orthrusonline.ru/static/images/p/nextgen/tapulele.png	1.2	18.6	54	Бесполые	116	26	99.3
1017	https://www.orthrusonline.ru/static/images/p/nextgen/tapubulu.png	1.9	45.5	54	Бесполые	108	14	99.5
1018	https://www.orthrusonline.ru/static/images/p/nextgen/tapufini.png	1.3	21.2	54	Бесполые	143	37	99.4
1019	https://www.orthrusonline.ru/static/images/p/nextgen/cosmog.png	0.2	0.1	80	Бесполые	22	2	99.8
1021	https://www.orthrusonline.ru/static/images/p/nextgen/solgaleo.png	3.4	230	80	Бесполые	26	8	99.8
1027	https://www.orthrusonline.ru/static/images/p/nextgen/celesteela.png	9.2	999.9	80	Бесполые	16	13	99.9
1028	https://www.orthrusonline.ru/static/images/p/nextgen/kartana.png	0.3	0.1	80	Бесполые	17	4	99.9
1029	https://www.orthrusonline.ru/static/images/p/nextgen/guzzlord.png	5.5	888	80	Бесполые	13	8	99.9
1030	https://www.orthrusonline.ru/static/images/p/nextgen/necrozma.png	2.4	230	80	Бесполые	9	0	99.9
1031	https://www.orthrusonline.ru/static/images/p/nextgen/magearna.png	1	80.5	80	Бесполые	45	11	99.7
1032	https://www.orthrusonline.ru/static/images/p/nextgen/marshadow.png	0.7	22.2	80	Бесполые	77	27	99.5
1033	https://www.orthrusonline.ru/static/images/p/nextgen/poipole.png	0.6	1.8	80	Бесполые	7	1	100
1034	https://www.orthrusonline.ru/static/images/p/nextgen/naganadel.png	3.6	150	80	Бесполые	23	5	99.8
1035	https://www.orthrusonline.ru/static/images/p/nextgen/stakataka.png	5.5	820	80	Бесполые	10	1	99.9
1036	https://www.orthrusonline.ru/static/images/p/nextgen/blacephalon.png	1.8	13	80	Бесполые	33	20	99.8
1037	https://www.orthrusonline.ru/static/images/p/nextgen/zeraora.png	1.5	44.5	80	Бесполые	58	26	99.6
1038	https://www.orthrusonline.ru/static/images/p/nextgen/meltan.png	0.2	8	80	Бесполые	13	0	99.9
1039	https://www.orthrusonline.ru/static/images/p/nextgen/melmetal.png	2.5	800	80	Бесполые	21	4	99.8
1040	https://www.orthrusonline.ru/static/images/p/nextgen/grookey.png	0.3	5	14	Самцы: 87.5% Самки: 12.5% 	1498	52	96.7
1041	https://www.orthrusonline.ru/static/images/p/nextgen/thwackey.png	0.7	14	14	Самцы: 87.5% Самки: 12.5% 	113	1	99.1
1042	https://www.orthrusonline.ru/static/images/p/nextgen/rillaboom.png	2.1	90	14	Самцы: 87.5% Самки: 12.5% 	265	12	98
1043	https://www.orthrusonline.ru/static/images/p/nextgen/scorbunny.png	0.3	4.5	14	Самцы: 87.5% Самки: 12.5% 	1557	63	96
1044	https://www.orthrusonline.ru/static/images/p/nextgen/raboot.png	0.6	9	14	Самцы: 87.5% Самки: 12.5% 	335	3	97.2
1045	https://www.orthrusonline.ru/static/images/p/nextgen/cinderace.png	1.4	33	14	Самцы: 87.5% Самки: 12.5% 	278	15	97.8
1046	https://www.orthrusonline.ru/static/images/p/nextgen/sobble.png	0.3	4	14	Самцы: 87.5% Самки: 12.5% 	447	56	97.7
1047	https://www.orthrusonline.ru/static/images/p/nextgen/drizzile.png	0.7	11.5	14	Самцы: 87.5% Самки: 12.5% 	201	3	98.4
1048	https://www.orthrusonline.ru/static/images/p/nextgen/inteleon.png	1.9	45.2	14	Самцы: 87.5% Самки: 12.5% 	158	15	98.7
1049	https://www.orthrusonline.ru/static/images/p/nextgen/skwovet.png	0.3	2.5	14	Самцы: 50% Самки: 50% 	4336	209	95.6
1050	https://www.orthrusonline.ru/static/images/p/nextgen/greedent.png	0.6	6	14	Самцы: 50% Самки: 50% 	66	25	99.5
1051	https://www.orthrusonline.ru/static/images/p/nextgen/rookidee.png	0.2	1.8	10	Самцы: 50% Самки: 50% 	8524	46	94.8
1052	https://www.orthrusonline.ru/static/images/p/nextgen/corvisquire.png	0.8	16	10	Самцы: 50% Самки: 50% 	3741	46	97.4
1053	https://www.orthrusonline.ru/static/images/p/nextgen/corviknight.png	2.2	75	10	Самцы: 50% Самки: 50% 	205	23	98.6
1054	https://www.orthrusonline.ru/static/images/p/nextgen/blipbug.png	0.4	8	10	Самцы: 50% Самки: 50% 	3526	28	96.6
1055	https://www.orthrusonline.ru/static/images/p/nextgen/dottler.png	0.4	19.5	10	Самцы: 50% Самки: 50% 	38	4	99.7
1056	https://www.orthrusonline.ru/static/images/p/nextgen/orbeetle.png	0.4	40.8	10	Самцы: 50% Самки: 50% 	60	3	99.5
1057	https://www.orthrusonline.ru/static/images/p/nextgen/nickit.png	0.6	8.9	10	Самцы: 50% Самки: 50% 	1667	5	98.1
1058	https://www.orthrusonline.ru/static/images/p/nextgen/thievul.png	1.2	19.9	10	Самцы: 50% Самки: 50% 	51	1	99.6
1059	https://www.orthrusonline.ru/static/images/p/nextgen/gossifleur.png	0.4	2.2	14	Самцы: 50% Самки: 50% 	2330	14	96.7
1060	https://www.orthrusonline.ru/static/images/p/nextgen/eldegoss.png	0.5	2.5	14	Самцы: 50% Самки: 50% 	621	10	98.4
1061	https://www.orthrusonline.ru/static/images/p/nextgen/wooloo.png	0.6	6	10	Самцы: 50% Самки: 50% 	6152	122	95
1062	https://www.orthrusonline.ru/static/images/p/nextgen/dubwool.png	1.3	43	10	Самцы: 50% Самки: 50% 	155	12	99
1063	https://www.orthrusonline.ru/static/images/p/nextgen/chewtle.png	0.3	8.5	14	Самцы: 50% Самки: 50% 	1433	69	98.5
1064	https://www.orthrusonline.ru/static/images/p/nextgen/drednaw.png	1	115.5	14	Самцы: 50% Самки: 50% 	52	24	99.6
1065	https://www.orthrusonline.ru/static/images/p/nextgen/yamper.png	0.3	13.5	14	Самцы: 50% Самки: 50% 	1049	6	98.1
1066	https://www.orthrusonline.ru/static/images/p/nextgen/boltund.png	1	34	14	Самцы: 50% Самки: 50% 	639	1	98.7
1067	https://www.orthrusonline.ru/static/images/p/nextgen/rolycoly.png	0.3	12	10	Самцы: 50% Самки: 50% 	2708	13	97.7
1068	https://www.orthrusonline.ru/static/images/p/nextgen/carkol.png	1.1	78	10	Самцы: 50% Самки: 50% 	661	10	98.8
1069	https://www.orthrusonline.ru/static/images/p/nextgen/coalossal.png	2.8	310.5	10	Самцы: 50% Самки: 50% 	70	7	99.4
1070	https://www.orthrusonline.ru/static/images/p/nextgen/applin.png	0.2	0.5	14	Самцы: 50% Самки: 50% 	5546	7	95.5
1071	https://www.orthrusonline.ru/static/images/p/nextgen/flapple.png	0.3	1	14	Самцы: 50% Самки: 50% 	101	5	99.3
1072	https://www.orthrusonline.ru/static/images/p/nextgen/appletun.png	0.4	13	14	Самцы: 50% Самки: 50% 	115	9	99.2
1073	https://www.orthrusonline.ru/static/images/p/nextgen/silicobra.png	2.2	7.6	14	Самцы: 50% Самки: 50% 	1774	8	97.3
1074	https://www.orthrusonline.ru/static/images/p/nextgen/sandaconda.png	3.8	65.5	14	Самцы: 50% Самки: 50% 	1246	2	98.3
1076	https://www.orthrusonline.ru/static/images/p/nextgen/arrokuda.png	0.5	1	14	Самцы: 50% Самки: 50% 	1293	3	98.9
1077	https://www.orthrusonline.ru/static/images/p/nextgen/barraskewda.png	1.3	30	14	Самцы: 50% Самки: 50% 	23	4	99.8
1078	https://www.orthrusonline.ru/static/images/p/nextgen/toxel.png	0.4	11	17	Самцы: 50% Самки: 50% 	47	0	99.7
1079	https://www.orthrusonline.ru/static/images/p/nextgen/toxtricity.png	1.6	40	17	Самцы: 50% Самки: 50% 	31	7	99.8
1080	https://www.orthrusonline.ru/static/images/p/nextgen/sizzlipede.png	0.7	1	14	Самцы: 50% Самки: 50% 	1432	5	98
1081	https://www.orthrusonline.ru/static/images/p/nextgen/centiskorch.png	3	120	14	Самцы: 50% Самки: 50% 	785	3	98.3
1082	https://www.orthrusonline.ru/static/images/p/nextgen/clobbopus.png	0.6	4	17	Самцы: 50% Самки: 50% 	196	84	99.4
1083	https://www.orthrusonline.ru/static/images/p/nextgen/grapploct.png	1.6	39	17	Самцы: 50% Самки: 50% 	37	20	99.7
1084	https://www.orthrusonline.ru/static/images/p/nextgen/sinistea.png	0.1	0.2	14	Бесполые	1528	4	98.4
1085	https://www.orthrusonline.ru/static/images/p/nextgen/polteageist.png	0.2	0.4	14	Бесполые	244	5	98
1086	https://www.orthrusonline.ru/static/images/p/nextgen/hatenna.png	0.4	3.4	14	Только самки	391	202	99.3
1087	https://www.orthrusonline.ru/static/images/p/nextgen/hattrem.png	0.6	4.8	14	Только самки	9	7	99.9
1088	https://www.orthrusonline.ru/static/images/p/nextgen/hatterene.png	2.1	5.1	14	Только самки	54	33	99.6
1089	https://www.orthrusonline.ru/static/images/p/nextgen/impidimp.png	0.4	5.5	14	Только самцы	1667	9	98.1
1090	https://www.orthrusonline.ru/static/images/p/nextgen/morgrem.png	0.8	12.5	14	Только самцы	315	0	99.3
1091	https://www.orthrusonline.ru/static/images/p/nextgen/grimmsnarl.png	1.5	61	14	Только самцы	550	8	98.4
1092	https://www.orthrusonline.ru/static/images/p/nextgen/obstagoon.png	1.6	46	10	Самцы: 50% Самки: 50% 	150	11	99
1093	https://www.orthrusonline.ru/static/images/p/nextgen/perrserker.png	0.8	28	14	Самцы: 50% Самки: 50% 	523	15	98.6
1094	https://www.orthrusonline.ru/static/images/p/nextgen/cursola.png	1	0.4	14	Самцы: 25% Самки: 75% 	27	0	99.8
1095	https://www.orthrusonline.ru/static/images/p/nextgen/sirfetchd.png	0.8	117	14	Самцы: 50% Самки: 50% 	36	4	99.7
1096	https://www.orthrusonline.ru/static/images/p/nextgen/mrrime.png	1.5	58.2	17	Самцы: 50% Самки: 50% 	40	4	99.7
1097	https://www.orthrusonline.ru/static/images/p/nextgen/runerigus.png	1.6	66.6	17	Самцы: 50% Самки: 50% 	257	5	99.1
1098	https://www.orthrusonline.ru/static/images/p/nextgen/milcery.png	0.2	0.3	14	Только самки	1362	2	97.9
1099	https://www.orthrusonline.ru/static/images/p/nextgen/alcremie.png	0.3	0.5	14	Только самки	475	0	98.6
1100	https://www.orthrusonline.ru/static/images/p/nextgen/falinks.png	3	62	17	Бесполые	490	3	98.4
1101	https://www.orthrusonline.ru/static/images/p/nextgen/pincurchin.png	0.3	1	14	Самцы: 50% Самки: 50% 	2025	22	97
1102	https://www.orthrusonline.ru/static/images/p/nextgen/snom.png	0.3	3.8	14	Самцы: 50% Самки: 50% 	496	4	98.4
1103	https://www.orthrusonline.ru/static/images/p/nextgen/frosmoth.png	1.3	42	14	Самцы: 50% Самки: 50% 	87	7	99.3
1104	https://www.orthrusonline.ru/static/images/p/nextgen/stonjourner.png	2.5	520	17	Самцы: 50% Самки: 50% 	450	3	99.2
1105	https://www.orthrusonline.ru/static/images/p/nextgen/eiscue.png	1.4	89	17	Самцы: 50% Самки: 50% 	629	7	98.3
1106	https://www.orthrusonline.ru/static/images/p/nextgen/indeedee.png	0.9	28	27	Только самцы	1210	15	98
1107	https://www.orthrusonline.ru/static/images/p/nextgen/morpeko.png	0.3	3	7	Самцы: 50% Самки: 50% 	1052	2	98.6
1108	https://www.orthrusonline.ru/static/images/p/nextgen/cufant.png	1.2	100	17	Самцы: 50% Самки: 50% 	1203	1	97.5
1109	https://www.orthrusonline.ru/static/images/p/nextgen/copperajah.png	3	650	17	Самцы: 50% Самки: 50% 	67	1	99.5
1110	https://www.orthrusonline.ru/static/images/p/nextgen/dracozolt.png	1.8	190	24	Бесполые	310	5	98.8
1111	https://www.orthrusonline.ru/static/images/p/nextgen/arctozolt.png	2.3	150	24	Бесполые	300	2	98.8
1112	https://www.orthrusonline.ru/static/images/p/nextgen/dracovish.png	2.3	215	24	Бесполые	322	26	98.6
1113	https://www.orthrusonline.ru/static/images/p/nextgen/arctovish.png	2	175	24	Бесполые	298	5	98.9
1114	https://www.orthrusonline.ru/static/images/p/nextgen/duraludon.png	1.8	40	20	Самцы: 50% Самки: 50% 	1349	13	97.8
1115	https://www.orthrusonline.ru/static/images/p/nextgen/dreepy.png	0.5	2	27	Самцы: 50% Самки: 50% 	87	21	99.4
1116	https://www.orthrusonline.ru/static/images/p/nextgen/drakloak.png	1.4	11	27	Самцы: 50% Самки: 50% 	10	4	99.9
1117	https://www.orthrusonline.ru/static/images/p/nextgen/dragapult.png	3	50	27	Самцы: 50% Самки: 50% 	87	47	99.3
1118	https://www.orthrusonline.ru/static/images/p/nextgen/zacian.png	2.8	110	80	Бесполые	1	1	100
1119	https://www.orthrusonline.ru/static/images/p/nextgen/zamazenta.png	2.9	210	80	Бесполые	0	0	100
1120	https://www.orthrusonline.ru/static/images/p/nextgen/eternatus.png	20	950	80	Бесполые	15	6	99.9
1121	https://www.orthrusonline.ru/static/images/p/nextgen/kubfu.png	0.6	12	80	Самцы: 87.5% Самки: 12.5% 	71	24	99.5
1122	https://www.orthrusonline.ru/static/images/p/nextgen/urshifu.png	1.9	105	80	Самцы: 87.5% Самки: 12.5% 	28	16	99.8
1123	https://www.orthrusonline.ru/static/images/p/nextgen/zarude.png	1.8	70	80	Бесполые	41	6	99.7
1124	https://www.orthrusonline.ru/static/images/p/nextgen/regieleki.png	1.2	145	80	Бесполые	144	23	99.1
1125	https://www.orthrusonline.ru/static/images/p/nextgen/regidrago.png	2.1	200	80	Бесполые	87	9	99.5
1126	https://www.orthrusonline.ru/static/images/p/nextgen/glastrier.png	2.2	800	80	Бесполые	39	7	99.7
1127	https://www.orthrusonline.ru/static/images/p/nextgen/spectrier.png	2	44.5	80	Бесполые	31	3	99.7
1128	https://www.orthrusonline.ru/static/images/p/nextgen/calyrex.png	1.1	7.7	80	Бесполые	58	1	99.5
1129	https://www.orthrusonline.ru/static/images/p/nextgen/wyrdeer.png	1.8	95.1	14	Самцы: 50% Самки: 50% 	27	1	99.8
1130	https://www.orthrusonline.ru/static/images/p/nextgen/kleavor.png	1.8	89	17	Самцы: 50% Самки: 50% 	83	9	99.4
1131	https://www.orthrusonline.ru/static/images/p/nextgen/ursaluna.png	2.4	290	14	Самцы: 50% Самки: 50% 	59	9	99.6
1132	https://www.orthrusonline.ru/static/images/p/nextgen/basculegion.png	3	110	27	Самцы: 50% Самки: 50% 	34	6	99.8
1133	https://www.orthrusonline.ru/static/images/p/nextgen/sneasler.png	1.3	43	14	Самцы: 50% Самки: 50% 	31	5	99.8
1184	https://www.orthrusonline.ru/static/images/p/nextgen/rabsca.png	0.3	3.5	14	Самцы: 50% Самки: 50% 	10	2	99.9
1134	https://www.orthrusonline.ru/static/images/p/nextgen/overqwil.png	0.5	3.9	14	Самцы: 50% Самки: 50% 	13	5	99.9
1135	https://www.orthrusonline.ru/static/images/p/nextgen/enamorus.png	1.6	48	80	Только самки	88	5	99.6
1136	https://www.orthrusonline.ru/static/images/p/nextgen/sprigatito.png	0.4	4.1	14	Самцы: 87.5% Самки: 12.5% 	553	242	99.1
1137	https://www.orthrusonline.ru/static/images/p/nextgen/floragato.png	0.9	12.2	14	Самцы: 87.5% Самки: 12.5% 	19	8	99.9
1138	https://www.orthrusonline.ru/static/images/p/nextgen/meowscarada.png	1.5	31.2	14	Самцы: 87.5% Самки: 12.5% 	83	34	99.4
1139	https://www.orthrusonline.ru/static/images/p/nextgen/fuecoco.png	0.4	9.8	14	Самцы: 87.5% Самки: 12.5% 	1010	574	98.7
1140	https://www.orthrusonline.ru/static/images/p/nextgen/crocalor.png	1	30.7	14	Самцы: 87.5% Самки: 12.5% 	22	12	99.8
1141	https://www.orthrusonline.ru/static/images/p/nextgen/skeledirge.png	1.6	326.5	14	Самцы: 87.5% Самки: 12.5% 	181	106	98.9
1142	https://www.orthrusonline.ru/static/images/p/nextgen/quaxly.png	0.5	6.1	14	Самцы: 87.5% Самки: 12.5% 	529	275	99.1
1143	https://www.orthrusonline.ru/static/images/p/nextgen/quaxwell.png	1.2	21.5	14	Самцы: 87.5% Самки: 12.5% 	15	4	99.9
1144	https://www.orthrusonline.ru/static/images/p/nextgen/quaquaval.png	1.8	61.9	14	Самцы: 87.5% Самки: 12.5% 	75	33	99.5
1145	https://www.orthrusonline.ru/static/images/p/nextgen/lechonk.png	0.5	10.2	10	Самцы: 50% Самки: 50% 	1741	17	98.6
1146	https://www.orthrusonline.ru/static/images/p/nextgen/oinkologne.png	1	120	10	Только самцы	27	2	99.8
1147	https://www.orthrusonline.ru/static/images/p/nextgen/tarountula.png	0.3	4	10	Самцы: 50% Самки: 50% 	226	0	99.6
1148	https://www.orthrusonline.ru/static/images/p/nextgen/spidops.png	1	16.5	10	Самцы: 50% Самки: 50% 	10	0	99.9
1149	https://www.orthrusonline.ru/static/images/p/nextgen/nymble.png	0.2	1	14	Самцы: 50% Самки: 50% 	583	2	99.4
1150	https://www.orthrusonline.ru/static/images/p/nextgen/lokix.png	1	17.5	14	Самцы: 50% Самки: 50% 	36	9	99.8
1151	https://www.orthrusonline.ru/static/images/p/nextgen/pawmi.png	0.3	2.5	10	Самцы: 50% Самки: 50% 	45	0	99.8
1152	https://www.orthrusonline.ru/static/images/p/nextgen/pawmo.png	0.4	6.5	10	Самцы: 50% Самки: 50% 	3	0	100
1153	https://www.orthrusonline.ru/static/images/p/nextgen/pawmot.png	0.9	41	10	Самцы: 50% Самки: 50% 	15	3	99.9
1232	https://www.orthrusonline.ru/static/images/p/nextgen/chienpao.png	1.9	152.2	54	Бесполые	78	4	99.6
1154	https://www.orthrusonline.ru/static/images/p/nextgen/tandemaus.png	0.3	1.8	7	Бесполые	110	0	99.7
1155	https://www.orthrusonline.ru/static/images/p/nextgen/maushold.png	0.3	2.3	7	Бесполые	35	2	99.7
1156	https://www.orthrusonline.ru/static/images/p/nextgen/fidough.png	0.3	10.9	14	Самцы: 50% Самки: 50% 	901	602	98.8
1157	https://www.orthrusonline.ru/static/images/p/nextgen/dachsbun.png	0.5	14.9	14	Самцы: 50% Самки: 50% 	49	41	99.6
1158	https://www.orthrusonline.ru/static/images/p/nextgen/smoliv.png	0.3	6.5	14	Самцы: 50% Самки: 50% 	5533	655	95.4
1159	https://www.orthrusonline.ru/static/images/p/nextgen/dolliv.png	0.6	11.9	14	Самцы: 50% Самки: 50% 	24	12	99.8
1160	https://www.orthrusonline.ru/static/images/p/nextgen/arboliva.png	1.4	48.2	14	Самцы: 50% Самки: 50% 	68	21	99.5
1161	https://www.orthrusonline.ru/static/images/p/nextgen/squawkabilly.png	0.6	2.4	10	Самцы: 50% Самки: 50% 	1	1	100
1162	https://www.orthrusonline.ru/static/images/p/nextgen/nacli.png	0.4	16	14	Самцы: 50% Самки: 50% 	500	174	99.2
1163	https://www.orthrusonline.ru/static/images/p/nextgen/naclstack.png	0.5	105	14	Самцы: 50% Самки: 50% 	12	8	99.9
1164	https://www.orthrusonline.ru/static/images/p/nextgen/garganacl.png	2.5	240	14	Самцы: 50% Самки: 50% 	137	80	99.1
1165	https://www.orthrusonline.ru/static/images/p/nextgen/charcadet.png	0.6	10.5	24	Самцы: 50% Самки: 50% 	39	8	99.8
1166	https://www.orthrusonline.ru/static/images/p/nextgen/armarouge.png	1.5	85	24	Самцы: 50% Самки: 50% 	13	0	99.9
1167	https://www.orthrusonline.ru/static/images/p/nextgen/ceruledge.png	1.6	62	24	Самцы: 50% Самки: 50% 	56	6	99.6
1168	https://www.orthrusonline.ru/static/images/p/nextgen/tadbulb.png	0.3	0.4	14	Самцы: 50% Самки: 50% 	1	1	100
1169	https://www.orthrusonline.ru/static/images/p/nextgen/bellibolt.png	1.2	113	14	Самцы: 50% Самки: 50% 	2	1	100
1170	https://www.orthrusonline.ru/static/images/p/nextgen/wattrel.png	0.4	3.6	14	Самцы: 50% Самки: 50% 	1	1	100
1171	https://www.orthrusonline.ru/static/images/p/nextgen/kilowattrel.png	1.4	38.6	14	Самцы: 50% Самки: 50% 	1	1	100
1172	https://www.orthrusonline.ru/static/images/p/nextgen/maschiff.png	0.5	16	14	Самцы: 50% Самки: 50% 	414	261	99.3
1173	https://www.orthrusonline.ru/static/images/p/nextgen/mabosstiff.png	1.1	61	14	Самцы: 50% Самки: 50% 	17	12	99.9
1174	https://www.orthrusonline.ru/static/images/p/nextgen/shroodle.png	0.2	0.7	14	Самцы: 50% Самки: 50% 	365	231	99.2
1175	https://www.orthrusonline.ru/static/images/p/nextgen/grafaiai.png	0.7	27.2	14	Самцы: 50% Самки: 50% 	50	29	99.6
1176	https://www.orthrusonline.ru/static/images/p/nextgen/bramblin.png	0.6	0.6	14	Самцы: 50% Самки: 50% 	110	2	99.4
1177	https://www.orthrusonline.ru/static/images/p/nextgen/brambleghast.png	1.2	6	14	Самцы: 50% Самки: 50% 	17	2	99.9
1178	https://www.orthrusonline.ru/static/images/p/nextgen/toedscool.png	0.9	33	14	Самцы: 50% Самки: 50% 	78	0	99.6
1179	https://www.orthrusonline.ru/static/images/p/nextgen/toedscruel.png	1.9	58	14	Самцы: 50% Самки: 50% 	16	1	99.9
1180	https://www.orthrusonline.ru/static/images/p/nextgen/klawf.png	1.3	79	24	Самцы: 50% Самки: 50% 	20	14	99.9
1181	https://www.orthrusonline.ru/static/images/p/nextgen/capsakid.png	0.3	3	14	Самцы: 50% Самки: 50% 	26	1	99.8
1182	https://www.orthrusonline.ru/static/images/p/nextgen/scovillain.png	0.9	15	14	Самцы: 50% Самки: 50% 	22	3	99.8
1183	https://www.orthrusonline.ru/static/images/p/nextgen/rellor.png	0.2	1	14	Самцы: 50% Самки: 50% 	12	1	99.9
1185	https://www.orthrusonline.ru/static/images/p/nextgen/flittle.png	0.2	1.5	14	Самцы: 50% Самки: 50% 	30	2	99.8
1186	https://www.orthrusonline.ru/static/images/p/nextgen/espathra.png	1.9	90	14	Самцы: 50% Самки: 50% 	14	4	99.9
1187	https://www.orthrusonline.ru/static/images/p/nextgen/tinkatink.png	0.4	8.9	14	Только самки	1174	1	98.6
1188	https://www.orthrusonline.ru/static/images/p/nextgen/tinkatuff.png	0.7	59.1	14	Только самки	10	0	99.9
1189	https://www.orthrusonline.ru/static/images/p/nextgen/tinkaton.png	0.7	112.8	14	Только самки	112	3	99.1
1190	https://www.orthrusonline.ru/static/images/p/nextgen/wiglett.png	1.2	1.8	14	Самцы: 50% Самки: 50% 	3	1	100
1191	https://www.orthrusonline.ru/static/images/p/nextgen/wugtrio.png	1.2	5.4	14	Самцы: 50% Самки: 50% 	1	0	100
1192	https://www.orthrusonline.ru/static/images/p/nextgen/bombirdier.png	1.5	42.9	21	Самцы: 50% Самки: 50% 	406	270	99.2
1193	https://www.orthrusonline.ru/static/images/p/nextgen/finizen.png	1.3	60.2	27	Самцы: 50% Самки: 50% 	669	1	98.5
1194	https://www.orthrusonline.ru/static/images/p/nextgen/palafin.png	1.3	60.2	27	Самцы: 50% Самки: 50% 	53	3	99.6
1195	https://www.orthrusonline.ru/static/images/p/nextgen/varoom.png	1	35	14	Самцы: 50% Самки: 50% 	344	226	99.3
1196	https://www.orthrusonline.ru/static/images/p/nextgen/revavroom.png	1.8	120	14	Самцы: 50% Самки: 50% 	29	26	99.8
1197	https://www.orthrusonline.ru/static/images/p/nextgen/cyclizar.png	1.6	63	21	Самцы: 50% Самки: 50% 	1029	648	98.4
1198	https://www.orthrusonline.ru/static/images/p/nextgen/orthworm.png	2.5	310	24	Самцы: 50% Самки: 50% 	37	23	99.7
1199	https://www.orthrusonline.ru/static/images/p/nextgen/glimmet.png	0.7	8	21	Самцы: 50% Самки: 50% 	370	249	99.3
1200	https://www.orthrusonline.ru/static/images/p/nextgen/glimmora.png	1.5	45	21	Самцы: 50% Самки: 50% 	25	22	99.8
1201	https://www.orthrusonline.ru/static/images/p/nextgen/greavard.png	0.6	35	14	Самцы: 50% Самки: 50% 	1142	4	98.4
1202	https://www.orthrusonline.ru/static/images/p/nextgen/houndstone.png	2	15	14	Самцы: 50% Самки: 50% 	83	1	99.3
1203	https://www.orthrusonline.ru/static/images/p/nextgen/flamigo.png	1.6	379	14	Самцы: 50% Самки: 50% 	96	1	99.5
1204	https://www.orthrusonline.ru/static/images/p/nextgen/cetoddle.png	1.2	45	17	Самцы: 50% Самки: 50% 	16	0	99.9
1205	https://www.orthrusonline.ru/static/images/p/nextgen/cetitan.png	4.5	700	17	Самцы: 50% Самки: 50% 	18	2	99.9
1206	https://www.orthrusonline.ru/static/images/p/nextgen/veluza.png	2.5	90	14	Самцы: 50% Самки: 50% 	793	3	98.8
1207	https://www.orthrusonline.ru/static/images/p/nextgen/dondozo.png	12	220	27	Самцы: 50% Самки: 50% 	1587	4	97.9
1208	https://www.orthrusonline.ru/static/images/p/nextgen/tatsugiri.png	0.3	8	24	Самцы: 50% Самки: 50% 	137	10	99.5
1209	https://www.orthrusonline.ru/static/images/p/nextgen/annihilape.png	1.2	56	14	Самцы: 50% Самки: 50% 	244	45	98.4
1210	https://www.orthrusonline.ru/static/images/p/nextgen/clodsire.png	1.8	223	14	Самцы: 50% Самки: 50% 	249	205	99
1211	https://www.orthrusonline.ru/static/images/p/nextgen/farigiraf.png	3.2	160	14	Самцы: 50% Самки: 50% 	54	5	99.6
1212	https://www.orthrusonline.ru/static/images/p/nextgen/dudunsparce.png	3.6	39.2	14	Самцы: 50% Самки: 50% 	17	3	99.9
1213	https://www.orthrusonline.ru/static/images/p/nextgen/kingambit.png	2	120	14	Самцы: 50% Самки: 50% 	95	14	99.3
1214	https://www.orthrusonline.ru/static/images/p/nextgen/greattusk.png	2.2	320	35	Бесполые	44	4	99.7
1215	https://www.orthrusonline.ru/static/images/p/nextgen/screamtail.png	1.2	8	35	Бесполые	7	1	99.9
1216	https://www.orthrusonline.ru/static/images/p/nextgen/brutebonnet.png	1.2	21	35	Бесполые	11	3	99.9
1217	https://www.orthrusonline.ru/static/images/p/nextgen/fluttermane.png	1.4	4	35	Бесполые	10	5	99.9
1218	https://www.orthrusonline.ru/static/images/p/nextgen/slitherwing.png	3.2	92	35	Бесполые	7	2	99.9
1219	https://www.orthrusonline.ru/static/images/p/nextgen/sandyshocks.png	2.3	60	35	Бесполые	44	3	99.7
1220	https://www.orthrusonline.ru/static/images/p/nextgen/irontreads.png	0.9	240	35	Бесполые	23	2	99.8
1221	https://www.orthrusonline.ru/static/images/p/nextgen/ironbundle.png	0.6	11	35	Бесполые	26	3	99.8
1222	https://www.orthrusonline.ru/static/images/p/nextgen/ironhands.png	1.8	380.7	54	Бесполые	8	1	99.9
1223	https://www.orthrusonline.ru/static/images/p/nextgen/ironjugulis.png	1.3	111	54	Бесполые	35	1	99.8
1224	https://www.orthrusonline.ru/static/images/p/nextgen/ironmoth.png	1.2	36	35	Бесполые	21	2	99.8
1225	https://www.orthrusonline.ru/static/images/p/nextgen/ironthorns.png	1.6	303	54	Бесполые	20	3	99.8
1226	https://www.orthrusonline.ru/static/images/p/nextgen/frigibax.png	0.5	17	27	Самцы: 50% Самки: 50% 	12	0	99.9
1227	https://www.orthrusonline.ru/static/images/p/nextgen/arctibax.png	0.8	30	27	Самцы: 50% Самки: 50% 	2	0	100
1228	https://www.orthrusonline.ru/static/images/p/nextgen/baxcalibur.png	2.1	210	27	Самцы: 50% Самки: 50% 	25	5	99.8
1229	https://www.orthrusonline.ru/static/images/p/nextgen/gimmighoul.png	0.3	5	27	Бесполые	38	28	99.7
1230	https://www.orthrusonline.ru/static/images/p/nextgen/gholdengo.png	1.2	30	27	Бесполые	76	36	99.5
1231	https://www.orthrusonline.ru/static/images/p/nextgen/wochien.png	1.5	74.2	54	Бесполые	84	0	99.6
1233	https://www.orthrusonline.ru/static/images/p/nextgen/tinglu.png	2.7	699.7	54	Бесполые	94	2	99.5
1234	https://www.orthrusonline.ru/static/images/p/nextgen/chiyu.png	0.4	4.9	54	Бесполые	79	4	99.6
1235	https://www.orthrusonline.ru/static/images/p/nextgen/roaringmoon.png	2	380	54	Бесполые	41	3	99.7
1236	https://www.orthrusonline.ru/static/images/p/nextgen/ironvaliant.png	1.4	35	54	Бесполые	27	1	99.8
1237	https://www.orthrusonline.ru/static/images/p/nextgen/koraidon.png	2.5	303	80	Бесполые	1	1	100
1238	https://www.orthrusonline.ru/static/images/p/nextgen/miraidon.png	3.5	240	80	Бесполые	1	1	100
1239	https://www.orthrusonline.ru/static/images/p/nextgen/walkingwake.png	3.5	280	80	Бесполые	45	1	99.8
1240	https://www.orthrusonline.ru/static/images/p/nextgen/ironleaves.png	1.5	125	80	Бесполые	28	1	99.9
1241	https://www.orthrusonline.ru/static/images/p/nextgen/dipplin.png	0.4	4.4	14	Самцы: 50% Самки: 50% 	12	2	99.9
1242	https://www.orthrusonline.ru/static/images/p/nextgen/poltchageist.png	0.1	1.1	14	Бесполые	2917	62	98.6
1243	https://www.orthrusonline.ru/static/images/p/nextgen/sinistcha.png	0.2	2.2	14	Бесполые	59	58	99.5
1244	https://www.orthrusonline.ru/static/images/p/nextgen/okidogi.png	1.8	92	80	Только самцы	1	1	100
1245	https://www.orthrusonline.ru/static/images/p/nextgen/munkidori.png	1	12.2	80	Только самцы	2	0	100
1246	https://www.orthrusonline.ru/static/images/p/nextgen/fezandipiti.png	1.4	30.1	80	Только самцы	6	0	100
1247	https://www.orthrusonline.ru/static/images/p/nextgen/ogerpon.png	1.2	39.8	80	Только самки	81	79	99.3
1248	https://www.orthrusonline.ru/static/images/p/nextgen/archaludon.png	2	60	20	Самцы: 50% Самки: 50% 	67	10	99.5
1249	https://www.orthrusonline.ru/static/images/p/nextgen/hydrapple.png	1.8	93	14	Самцы: 50% Самки: 50% 	159	153	98.7
1250	https://www.orthrusonline.ru/static/images/p/nextgen/gougingfire.png	3.5	590	80	Бесполые	12	10	99.9
1251	https://www.orthrusonline.ru/static/images/p/nextgen/ragingbolt.png	5.2	480	80	Бесполые	14	14	99.9
1252	https://www.orthrusonline.ru/static/images/p/nextgen/ironboulder.png	1.5	162.5	80	Бесполые	7	1	100
1253	https://www.orthrusonline.ru/static/images/p/nextgen/ironcrown.png	1.6	156	80	Бесполые	7	1	100
1254	https://www.orthrusonline.ru/static/images/p/nextgen/terapagos.png	0.2	6.5	80	Бесполые	1	0	100
1255	https://www.orthrusonline.ru/static/images/p/nextgen/pecharunt.png	0.3	0.3	80	Бесполые	1	0	100
\.


--
-- Data for Name: pokemon_stats; Type: TABLE DATA; Schema: public; Owner: postgres
--

COPY public.pokemon_stats (pokemon_id, pokemon_health, pokemon_attack, pokemon_defence, pokemon_speed, pokemon_special_attack, pokemon_special_defence, pokemon_total_sum) FROM stdin;
1	80	82	83	80	100	100	525
2	80	100	123	80	122	120	625
3	78	84	78	100	109	85	534
4	78	130	111	100	130	85	634
5	78	104	78	100	159	115	634
6	79	83	100	78	85	105	530
7	79	103	120	78	135	115	630
8	60	45	50	70	90	80	395
9	65	150	40	145	15	80	495
10	83	80	80	121	135	80	579
11	30	56	35	72	25	35	253
12	75	71	70	77	40	80	413
13	35	55	40	90	50	50	320
14	35	55	40	90	50	50	320
15	35	55	40	90	50	50	320
16	35	55	40	90	50	50	320
17	35	55	40	90	50	50	320
18	35	55	40	90	50	50	320
19	35	55	40	90	50	50	320
20	35	55	40	90	50	50	320
21	35	55	40	90	50	50	320
22	35	55	40	90	50	50	320
23	35	55	40	90	50	50	320
24	35	55	40	90	50	50	320
25	35	55	40	90	50	50	320
26	45	80	50	120	75	60	430
27	35	55	40	90	50	50	320
28	45	80	50	120	75	60	430
29	60	85	50	110	95	85	485
30	50	75	90	40	10	35	300
31	75	100	120	65	25	65	450
32	38	41	40	65	50	65	299
33	73	67	75	109	81	100	505
34	10	55	30	90	35	45	265
35	35	100	60	110	50	70	425
36	40	35	35	90	50	40	290
37	50	65	55	40	40	40	290
38	40	45	35	90	40	40	290
39	65	60	60	115	75	65	440
40	60	75	45	55	65	50	350
41	95	115	80	90	95	80	555
42	55	50	65	150	175	105	600
43	90	130	80	55	65	85	505
44	40	80	100	20	30	30	300
45	55	95	115	35	45	45	390
46	80	120	130	45	55	65	495
47	50	85	55	90	65	65	410
48	65	100	70	105	80	80	500
49	90	65	65	15	40	40	315
132	50	65	107	86	105	107	520
50	95	100	95	30	100	70	490
51	95	75	180	30	130	80	590
52	52	95	55	55	58	62	377
53	80	80	50	25	40	50	325
54	105	105	75	50	65	100	500
55	60	65	60	110	130	75	500
56	60	65	80	130	170	95	600
57	55	130	115	75	50	50	475
58	40	30	50	100	55	55	330
59	60	50	70	150	80	80	490
60	95	105	85	45	125	75	530
61	60	80	110	45	50	80	425
62	65	90	120	60	85	70	490
63	105	125	100	100	60	100	590
64	50	65	65	100	90	90	460
65	65	155	120	105	65	90	600
66	75	110	105	100	30	70	490
67	75	110	105	100	30	70	490
68	75	110	105	100	30	70	490
69	95	155	109	81	70	130	640
70	130	85	80	60	85	95	535
71	55	55	50	55	45	65	325
72	80	135	85	150	70	95	615
73	160	110	65	30	65	110	540
74	90	85	85	95	125	100	580
75	90	125	90	100	85	90	580
76	90	85	90	90	100	125	580
77	106	190	100	130	154	100	780
78	106	150	70	140	194	120	780
79	73	84	78	95	119	85	534
80	90	95	105	45	165	110	610
81	55	45	45	15	25	25	210
82	95	65	80	30	110	110	490
83	75	125	230	30	55	95	610
84	65	95	85	85	55	55	440
85	70	150	140	75	65	100	600
86	80	185	115	75	40	105	600
87	55	95	55	115	35	75	430
88	60	55	100	30	65	100	410
89	75	90	90	115	140	90	600
90	100	164	150	71	95	120	700
91	70	110	75	145	145	85	630
92	80	160	80	100	130	80	630
93	100	150	110	70	95	110	635
94	38	30	41	60	30	41	240
95	78	70	61	100	50	61	420
96	68	85	65	100	165	135	618
97	50	85	125	20	85	115	480
98	50	105	125	50	55	95	480
99	70	140	230	50	60	80	630
100	60	100	85	100	80	85	510
101	70	75	80	135	135	80	575
102	70	140	70	105	110	65	560
103	70	120	100	20	145	105	560
104	75	110	110	80	110	105	590
105	70	70	70	70	70	70	420
106	70	70	70	70	70	70	420
107	70	70	70	70	70	70	420
108	64	165	75	75	93	83	555
109	65	150	60	115	115	60	565
110	80	120	80	100	120	80	580
111	95	145	130	120	120	90	700
112	80	145	150	110	105	110	700
113	80	100	120	110	140	150	700
114	80	130	100	110	160	120	700
115	100	150	90	90	180	160	770
116	100	180	160	90	150	90	770
117	105	180	100	115	180	100	780
118	50	180	20	150	180	20	600
119	50	70	160	90	70	160	600
120	50	95	90	180	95	90	600
121	60	79	105	36	59	85	424
122	60	69	95	36	69	95	424
123	70	60	70	85	87	78	450
124	65	136	94	135	54	96	580
125	108	170	115	92	120	95	700
126	70	145	88	112	140	70	625
127	90	132	105	30	132	105	594
128	68	165	95	110	65	115	618
129	50	65	107	86	105	107	520
130	50	65	107	86	105	107	520
131	50	65	107	86	105	107	520
133	50	65	107	86	105	107	520
134	100	100	120	90	150	120	680
1024	107	139	139	79	53	53	570
135	90	100	100	120	150	120	680
136	150	120	100	90	120	100	680
137	100	103	75	127	120	75	600
138	90	108	80	85	100	65	528
139	103	60	126	50	80	126	545
140	70	105	75	105	50	75	480
141	70	92	65	98	80	55	460
142	70	92	65	98	80	55	460
143	70	90	45	50	15	45	315
144	105	140	55	95	30	55	480
145	105	160	55	135	30	55	540
146	105	30	105	55	140	105	540
147	38	55	85	30	30	65	303
148	35	60	40	70	85	40	330
149	55	100	60	110	125	60	510
150	109	81	99	32	66	84	471
151	110	83	70	65	112	70	510
152	79	100	80	121	110	90	580
153	79	105	70	101	145	80	580
154	89	145	90	91	105	80	600
155	125	170	100	95	120	90	700
156	125	120	90	95	170	100	700
157	91	72	90	108	129	90	580
158	100	128	90	128	77	77	600
159	72	145	67	132	153	71	640
160	74	48	76	104	83	81	466
161	60	140	50	60	140	50	500
1025	71	137	37	151	137	37	570
162	58	75	83	40	83	113	452
163	80	100	100	60	110	150	600
164	54	66	70	46	44	55	335
165	44	66	70	56	44	55	335
166	59	66	70	41	44	55	335
167	75	95	122	69	58	75	494
168	55	85	122	99	58	75	494
169	85	100	122	54	58	75	494
170	95	127	184	38	34	36	514
171	54	100	71	115	61	85	486
172	216	100	121	85	91	95	708
173	50	160	110	110	160	110	700
174	80	160	60	80	170	130	680
175	88	112	80	60	95	95	530
176	75	70	70	93	98	70	476
177	75	70	70	93	98	70	476
178	75	70	70	93	98	70	476
179	75	117	65	110	55	65	487
180	85	115	75	82	55	75	487
181	45	140	130	30	140	135	620
182	60	60	100	60	60	100	440
183	55	90	80	96	50	105	476
184	97	167	97	129	167	97	754
185	135	143	143	34	80	65	600
186	100	125	90	85	60	70	530
187	80	116	75	119	65	75	530
188	70	85	65	120	125	65	530
189	98	87	105	67	53	85	495
190	60	45	110	90	80	120	505
191	90	115	90	74	48	68	485
192	110	80	120	30	80	90	510
193	70	110	80	70	95	60	485
194	110	85	80	30	100	80	485
195	72	107	125	71	65	70	510
196	70	85	55	85	85	95	475
197	70	85	55	85	85	95	475
198	75	98	70	75	114	70	502
199	75	98	70	75	114	70	502
200	75	98	70	75	114	70	502
201	100	115	65	65	90	90	525
202	40	45	45	50	74	54	308
203	60	65	65	70	134	114	508
204	57	90	95	29	136	103	510
205	95	120	65	60	95	75	510
206	65	60	75	64	110	121	495
207	75	80	70	130	65	50	470
208	70	55	65	85	95	105	475
209	58	95	58	97	70	58	436
210	122	130	69	30	80	69	500
211	70	95	115	85	120	50	535
212	92	170	115	148	80	115	720
213	92	130	145	128	80	145	720
214	255	115	250	130	125	250	1125
215	100	130	100	97	63	60	550
216	100	130	100	97	63	60	550
217	100	130	100	97	63	60	550
218	105	120	105	105	70	95	600
219	100	165	150	50	85	130	680
220	100	85	80	150	165	100	680
221	113	70	120	52	135	65	555
222	120	92	65	78	100	75	530
223	74	115	110	46	135	100	580
224	74	75	70	111	65	75	470
225	125	100	80	55	85	75	520
226	80	120	84	110	60	96	550
227	80	120	84	110	60	96	550
228	80	120	84	110	60	96	550
229	160	105	110	85	130	110	700
230	95	95	110	85	105	110	600
231	45	49	49	45	65	65	318
232	60	62	63	60	80	80	405
233	80	82	83	80	100	100	525
234	39	52	43	65	60	50	309
235	58	64	58	80	80	65	405
236	78	84	78	100	109	85	534
237	44	48	65	43	50	64	314
238	59	63	80	58	65	80	405
239	79	83	100	78	85	105	530
240	45	30	35	45	20	20	195
241	50	20	55	30	25	25	205
242	60	45	50	70	90	80	395
243	40	35	30	50	20	20	195
244	45	25	50	35	25	25	205
245	65	90	40	75	45	80	395
246	40	45	40	56	35	35	251
247	63	60	55	71	50	50	349
248	83	80	75	101	70	70	479
249	30	56	35	72	25	35	253
250	55	81	60	97	50	70	413
251	40	60	30	70	31	31	262
252	65	90	65	100	61	61	442
253	35	60	44	55	40	54	288
254	60	95	69	80	65	79	448
255	35	55	40	90	50	50	320
256	60	90	55	110	90	80	485
257	50	75	85	40	20	30	300
258	75	100	110	65	45	55	450
259	55	47	52	41	40	40	275
260	70	62	67	56	55	55	365
261	90	92	87	76	75	85	505
262	46	57	40	50	40	40	273
263	61	72	57	65	55	55	365
264	81	102	77	85	85	75	505
265	70	45	48	35	60	65	323
266	95	70	73	60	95	90	483
267	38	41	40	65	50	65	299
268	73	76	75	100	81	100	505
269	115	45	20	20	45	25	270
270	140	70	45	45	85	50	435
271	40	45	35	55	30	40	245
272	75	80	70	90	65	75	455
273	45	50	55	30	75	65	320
274	60	65	70	40	85	75	395
275	75	80	85	50	110	90	490
276	35	70	55	25	45	55	285
277	60	95	80	30	60	80	405
278	60	55	50	45	40	55	305
279	70	65	60	90	90	75	450
280	10	55	25	95	35	45	265
281	35	100	50	120	50	70	425
282	40	45	35	90	40	40	290
283	65	70	60	115	65	65	440
284	50	52	48	55	65	50	320
285	80	82	78	85	95	80	500
286	40	80	35	70	35	45	305
287	65	105	60	95	60	70	455
288	55	70	45	60	70	50	350
289	90	110	80	95	100	80	555
290	40	50	40	90	40	40	300
1020	43	29	131	37	29	131	400
291	65	65	65	90	50	50	385
495	45	45	35	20	20	30	195
292	90	95	95	70	70	90	510
293	25	20	15	90	105	55	310
294	40	35	30	105	120	70	400
295	55	50	45	120	135	95	500
296	70	80	50	35	35	35	305
297	80	100	70	45	50	60	405
298	90	130	80	55	65	85	505
299	50	75	35	40	70	30	300
300	65	90	50	55	85	45	390
301	80	105	65	70	100	70	490
302	40	40	35	70	50	100	335
303	80	70	65	100	80	120	515
304	40	80	100	20	30	30	300
305	55	95	115	35	45	45	390
306	80	120	130	45	55	65	495
307	50	85	55	90	65	65	410
308	65	100	70	105	80	80	500
309	90	65	65	15	40	40	315
310	95	75	110	30	100	80	490
311	25	35	70	45	95	55	325
312	50	60	95	70	120	70	465
313	52	90	55	60	58	62	377
314	35	85	45	75	35	35	310
315	60	110	70	110	60	60	470
316	65	45	55	45	45	70	325
317	90	70	80	70	70	95	475
318	80	80	50	25	40	50	325
319	105	105	75	50	65	100	500
320	30	65	100	40	45	25	305
321	50	95	180	70	85	45	525
322	30	35	30	80	100	35	310
323	45	50	45	95	115	55	405
324	60	65	60	110	130	75	500
325	35	45	160	70	30	45	385
326	60	48	45	42	43	90	328
327	85	73	70	67	73	115	483
328	30	105	90	50	25	25	325
329	55	130	115	75	50	50	475
330	40	30	50	100	55	55	330
331	60	50	70	150	80	80	490
332	60	40	80	40	60	45	325
333	95	95	85	55	125	75	530
334	50	50	95	35	40	50	320
335	60	80	110	45	50	80	425
336	50	120	53	87	35	110	455
337	50	105	79	76	35	110	455
338	90	55	75	30	60	75	385
339	40	65	95	35	60	45	340
340	65	90	120	60	85	70	490
341	80	85	95	25	30	30	345
342	105	130	120	40	45	45	485
343	250	5	5	50	35	105	450
344	65	55	115	60	100	40	435
345	105	95	80	90	40	80	490
346	30	40	70	60	70	25	295
347	55	65	95	85	95	45	440
348	45	67	60	63	35	50	320
349	80	92	65	68	65	80	450
350	30	45	55	85	70	55	340
351	60	75	85	115	100	85	520
352	40	45	65	90	100	120	460
353	70	110	80	105	55	80	500
354	65	50	35	95	115	95	455
355	65	83	57	105	95	85	490
356	65	95	57	93	100	85	495
357	65	125	100	85	55	70	500
358	75	100	95	110	40	70	490
359	20	10	55	80	15	20	200
360	95	125	79	81	60	100	540
361	130	85	80	60	85	95	535
362	48	48	48	48	48	48	288
363	55	55	50	55	45	65	325
364	130	65	60	65	110	95	525
365	65	65	60	130	110	95	525
366	65	130	60	65	95	110	525
367	65	60	70	40	85	75	395
368	35	40	100	35	90	55	355
369	70	60	125	55	115	70	495
370	30	80	90	55	55	45	355
371	60	115	105	80	65	70	495
372	80	105	65	130	60	75	515
373	160	110	65	30	65	110	540
374	90	85	100	85	95	125	580
375	90	90	85	100	125	90	580
376	90	100	90	90	125	85	580
377	41	64	45	50	50	50	300
378	61	84	65	70	70	70	420
379	91	134	95	80	100	100	600
380	106	110	90	130	154	90	680
381	100	100	100	100	100	100	600
382	45	49	65	45	49	65	318
383	60	62	80	60	63	80	405
384	80	82	100	80	83	100	525
385	39	52	43	65	60	50	309
386	58	64	58	80	80	65	405
387	78	84	78	100	109	85	534
388	50	65	64	43	44	48	314
389	65	80	80	58	59	63	405
390	85	105	100	78	79	83	530
391	35	46	34	20	35	45	215
1075	70	85	55	85	85	95	475
392	85	76	64	90	45	55	415
522	1	90	45	40	30	30	236
393	60	30	30	50	36	56	262
394	100	50	50	70	86	96	452
395	40	20	30	55	40	80	265
396	55	35	50	85	55	110	390
397	40	60	40	30	40	40	250
398	70	90	70	40	60	70	400
399	85	90	80	130	70	80	535
400	75	38	38	67	56	56	330
401	125	58	58	67	76	76	460
402	20	40	15	60	35	35	205
403	50	25	28	15	45	55	218
404	90	30	15	15	40	20	210
405	35	20	65	20	40	65	245
406	55	40	85	40	80	105	405
407	40	50	45	70	70	45	320
408	65	75	70	95	95	70	470
409	55	40	40	35	65	45	280
410	70	55	55	45	80	60	365
411	90	75	85	55	115	90	510
412	75	80	95	50	90	100	490
413	70	20	50	40	20	50	250
414	100	50	80	50	60	80	420
415	70	100	115	30	30	65	410
416	90	75	75	70	90	100	500
417	35	35	40	50	35	55	250
418	55	45	50	80	45	65	340
419	75	55	70	110	55	95	460
420	55	70	55	85	40	55	360
421	30	30	30	30	30	30	180
422	75	75	55	30	105	85	425
423	65	65	45	95	75	45	390
424	55	45	45	15	25	25	210
425	95	85	85	35	65	65	430
426	65	65	60	110	130	95	525
427	95	65	110	65	60	130	525
428	60	85	42	91	85	42	405
429	95	75	80	30	100	110	490
430	60	60	60	85	85	85	435
431	48	72	48	48	72	48	336
432	190	33	58	33	33	58	405
433	70	80	65	85	90	65	455
434	50	65	90	15	35	35	290
435	75	90	140	40	60	60	465
436	100	70	70	45	65	65	415
437	65	75	105	85	35	65	430
438	75	85	200	30	55	65	510
439	60	80	50	30	40	40	300
440	90	120	75	45	60	60	450
441	65	95	85	85	55	55	440
442	70	130	100	65	55	80	500
443	20	10	230	5	10	230	505
444	80	125	75	85	40	95	500
445	55	95	55	115	35	75	430
446	60	80	50	40	50	50	330
447	90	130	75	55	75	75	500
448	40	40	40	20	70	40	250
449	60	50	120	30	90	80	430
450	50	50	40	50	30	30	250
451	100	100	80	50	60	60	450
452	65	55	95	35	65	95	410
453	35	65	35	65	65	35	300
454	75	105	75	45	105	75	480
455	45	55	45	75	65	45	330
456	85	40	70	70	80	140	485
457	65	80	140	70	40	70	465
458	45	60	30	65	80	50	330
459	75	90	50	95	110	80	500
460	75	95	95	85	95	95	540
461	90	60	60	40	40	40	330
462	90	120	120	50	60	60	500
463	85	80	90	60	105	95	515
464	73	95	62	85	85	65	465
465	55	20	35	75	20	45	250
466	35	35	35	35	35	35	210
467	50	95	95	70	35	110	455
468	45	30	15	65	85	65	305
469	45	63	37	95	65	55	360
470	45	75	37	83	70	55	365
471	95	80	105	100	40	70	490
472	255	10	10	55	75	135	540
473	90	85	75	115	115	100	580
474	115	115	85	100	90	75	580
475	100	75	115	85	90	115	580
476	50	64	50	41	45	50	300
477	70	84	70	51	65	70	410
478	100	134	110	61	95	100	600
479	106	90	130	110	90	154	680
480	106	130	90	90	110	154	680
481	100	100	100	100	100	100	600
482	40	45	35	70	65	55	310
483	50	65	45	95	85	65	405
484	70	85	65	120	105	85	530
485	45	60	40	45	70	50	310
486	60	85	60	55	85	60	405
487	80	120	70	80	110	70	530
488	50	70	50	40	50	50	310
489	70	85	70	50	60	70	405
490	100	110	90	60	85	90	535
491	35	55	35	35	30	30	220
492	70	90	70	70	60	60	420
493	38	30	41	60	30	41	240
494	78	70	61	100	50	61	420
496	50	35	55	15	25	25	205
497	60	70	50	65	100	50	395
498	50	35	55	15	25	25	205
499	60	50	70	65	50	90	385
500	40	30	30	30	40	50	220
501	60	50	50	50	60	70	340
502	80	70	70	70	90	100	480
503	40	40	50	30	30	30	220
504	70	70	40	60	60	40	340
505	90	100	60	80	90	60	480
506	40	55	30	85	30	30	270
507	60	85	60	125	75	50	455
508	40	30	30	85	55	30	270
509	60	50	100	65	95	70	440
510	28	25	25	40	45	35	198
511	38	35	35	50	65	55	278
512	68	65	65	80	125	115	518
513	40	30	32	65	50	52	269
514	70	60	62	80	100	82	454
515	60	40	60	35	40	60	295
516	60	130	80	70	60	60	460
517	60	60	60	30	35	35	280
518	80	80	80	90	55	55	440
519	150	160	100	100	95	65	670
520	31	45	90	40	30	30	266
521	61	90	45	160	50	50	456
523	64	51	23	28	51	23	240
524	84	71	43	48	71	43	360
525	104	91	63	68	91	73	490
526	72	60	30	25	20	30	237
527	144	120	60	50	40	60	474
528	50	20	40	20	20	40	190
529	30	45	135	30	45	90	375
530	50	45	45	50	35	35	260
531	70	65	65	90	55	55	400
532	50	75	75	50	65	65	380
533	50	85	85	50	55	55	380
534	50	70	100	30	40	40	330
535	60	90	140	40	50	50	430
536	70	110	180	50	60	60	530
537	30	40	55	60	40	55	280
538	60	60	75	80	60	75	410
539	40	45	40	65	65	40	295
540	70	75	60	105	105	60	475
541	60	50	40	95	85	75	405
542	60	40	50	95	75	85	405
543	65	73	75	85	47	85	430
544	65	47	75	85	73	85	430
545	50	60	45	65	100	80	400
546	70	43	53	40	43	53	302
547	100	73	83	55	73	83	467
1026	83	89	71	83	173	71	570
548	45	90	20	65	65	20	305
549	70	120	40	95	95	40	460
550	130	70	35	60	70	35	400
551	170	90	45	60	90	45	500
552	60	60	40	35	65	45	305
553	70	100	70	40	105	75	460
554	70	85	140	20	85	70	470
555	60	25	35	60	70	80	330
556	80	45	65	80	90	110	470
557	60	60	60	60	60	60	360
558	45	100	45	10	45	45	290
559	50	70	50	70	50	50	340
560	80	100	80	100	80	80	520
561	50	85	40	35	85	40	335
562	70	115	60	55	115	60	475
563	45	40	60	50	40	75	310
564	75	70	90	80	70	105	490
565	73	115	60	90	60	60	458
566	73	100	60	65	100	60	458
567	90	55	65	70	95	85	460
568	90	95	85	70	55	65	460
569	50	48	43	60	46	41	288
570	110	78	73	60	76	71	468
571	43	80	65	35	50	35	308
572	63	120	85	55	90	55	468
573	40	40	55	55	40	70	300
574	60	70	105	75	70	120	500
575	66	41	77	23	61	87	355
576	86	81	97	43	81	107	495
577	45	95	50	75	40	50	355
578	75	125	100	45	70	80	495
579	20	15	20	80	10	55	200
580	95	60	79	81	100	125	540
581	70	70	70	70	70	70	420
582	60	90	70	40	60	120	440
583	44	75	35	45	63	33	295
584	64	115	65	65	83	63	455
585	20	40	90	25	30	90	295
586	40	70	130	25	60	130	455
587	99	68	83	51	72	87	460
588	75	50	80	65	95	90	455
589	65	130	60	75	75	60	465
590	95	23	48	23	23	48	260
591	50	50	50	50	50	50	300
592	80	80	80	80	80	80	480
593	70	40	50	25	55	50	290
594	90	60	70	45	75	70	410
595	110	80	90	65	95	90	530
596	35	64	85	32	74	55	345
597	55	104	105	52	94	75	485
598	55	84	105	52	114	75	485
599	100	90	130	55	45	65	485
600	43	30	55	97	40	65	330
601	45	75	60	50	40	30	300
602	65	95	100	50	60	50	420
603	95	135	80	100	110	80	600
604	40	55	80	30	35	60	300
605	60	75	100	50	55	80	420
606	80	135	130	70	95	90	600
607	80	100	200	50	50	100	580
608	80	50	100	50	100	200	580
609	80	75	150	50	75	150	580
610	80	80	90	110	110	130	600
611	80	90	80	110	130	110	600
612	100	100	90	90	150	140	670
613	100	150	140	90	100	90	670
614	105	150	90	95	150	90	680
615	100	100	100	100	100	100	600
616	50	150	50	150	150	50	600
617	55	68	64	31	45	55	318
618	75	89	85	36	55	65	405
619	95	109	105	56	75	85	525
620	44	58	44	61	58	44	309
621	64	78	52	81	78	52	405
622	76	104	71	108	104	71	534
623	53	51	53	40	61	56	314
624	64	66	68	50	81	76	405
625	84	86	88	60	111	101	530
626	40	55	30	60	30	30	245
627	55	75	50	80	40	40	340
628	85	120	70	100	50	60	485
629	59	45	40	31	35	40	250
630	79	85	60	71	55	60	410
631	37	25	41	25	25	41	194
632	77	85	51	65	55	51	384
633	45	65	34	45	40	34	263
634	60	85	49	60	60	49	363
635	80	120	79	70	95	79	523
636	40	30	35	55	50	70	280
637	60	70	65	90	125	105	515
638	67	125	40	58	30	30	350
639	97	165	60	58	65	50	495
640	30	42	118	30	42	88	350
641	60	52	168	30	47	138	495
642	40	29	45	36	29	45	224
643	60	59	85	36	79	105	424
644	70	94	50	66	94	50	424
645	30	30	42	70	30	42	244
646	70	80	102	40	80	102	474
647	60	45	70	95	45	90	405
648	55	65	35	85	60	30	330
649	85	105	55	115	85	50	495
650	45	35	45	35	62	53	275
651	70	60	70	85	87	78	450
652	76	48	48	34	57	62	325
653	111	83	68	39	92	82	475
654	75	100	66	115	60	66	482
655	90	50	34	70	60	44	348
656	150	80	44	80	90	54	498
657	55	66	44	85	44	56	350
658	65	76	84	105	54	96	480
659	60	60	60	105	105	105	495
660	100	125	52	71	105	52	505
661	49	55	42	85	42	37	310
662	71	82	64	112	64	59	452
663	45	30	50	45	65	50	285
664	63	63	47	74	41	41	329
665	103	93	67	84	71	61	479
666	57	24	86	23	24	86	300
667	67	89	116	33	79	116	500
668	50	80	95	10	10	45	290
669	20	25	45	60	70	90	310
670	100	5	5	30	15	65	220
671	76	65	45	91	92	42	411
672	50	92	108	35	92	108	485
673	58	70	45	42	40	45	300
674	68	90	65	82	50	55	410
675	108	130	95	102	80	85	600
676	135	85	40	5	40	85	390
731	55	55	45	45	63	45	308
677	40	70	40	60	35	40	285
678	70	110	70	90	115	70	525
679	68	72	78	32	38	42	330
680	108	112	118	47	68	72	525
681	40	50	90	65	30	55	330
682	70	90	110	95	60	75	500
683	48	61	40	50	61	40	300
684	83	106	65	85	86	65	490
685	74	100	72	46	90	72	454
686	49	49	56	66	49	61	330
687	69	69	76	91	69	86	460
688	45	20	50	50	60	120	345
689	60	62	50	40	62	60	334
690	90	92	75	60	92	85	494
691	70	120	65	125	45	85	510
692	70	70	115	60	130	90	535
693	110	85	95	50	80	95	515
694	115	140	130	40	55	55	535
695	100	100	125	50	110	50	535
696	75	123	67	95	95	85	540
697	75	95	67	83	125	95	540
698	85	50	95	80	120	115	545
699	86	76	86	95	116	56	515
700	65	110	130	95	60	65	525
701	65	60	110	65	130	95	525
702	75	95	125	95	45	75	510
703	110	130	80	80	70	60	530
704	85	80	70	90	135	75	535
705	68	125	65	80	65	115	518
706	60	55	145	40	75	150	525
707	45	100	135	45	65	135	525
708	70	80	70	110	80	70	480
709	50	50	77	91	95	77	440
710	75	75	130	95	75	130	580
711	80	105	105	80	105	105	580
712	75	125	70	115	125	70	580
713	100	120	120	90	150	100	680
714	90	120	100	100	150	120	680
715	91	90	106	77	130	106	600
716	110	160	110	100	80	110	670
717	150	100	120	90	100	120	680
718	120	70	120	85	75	130	600
719	80	80	80	80	80	80	480
720	100	100	100	100	100	100	600
721	70	90	90	125	135	90	600
722	100	100	100	100	100	100	600
723	120	120	120	120	120	120	720
724	100	100	100	100	100	100	600
725	45	45	55	63	45	55	308
726	60	60	75	83	60	75	413
727	75	75	95	113	75	95	528
728	65	63	45	45	45	45	308
729	90	93	55	55	70	55	418
730	110	123	65	65	100	65	528
732	75	75	60	60	83	60	413
733	95	100	85	70	108	70	528
734	45	55	39	42	35	39	255
735	60	85	69	77	60	69	420
736	45	60	45	55	25	45	275
737	65	80	65	60	35	65	370
738	85	110	90	80	45	90	500
739	41	50	37	66	50	37	281
740	64	88	50	106	88	50	446
741	50	53	48	64	53	48	316
742	75	98	63	101	98	63	498
743	50	53	48	64	53	48	316
744	75	98	63	101	98	63	498
745	50	53	48	64	53	48	316
746	75	98	63	101	98	63	498
747	76	25	45	24	67	55	292
748	116	55	85	29	107	95	487
749	50	55	50	43	36	30	264
750	62	77	62	65	50	42	358
751	80	115	80	93	65	55	488
752	45	60	32	76	50	32	295
753	75	100	63	116	80	63	497
754	55	75	85	15	25	25	280
755	70	105	105	20	50	40	390
756	85	135	130	25	60	80	515
834	85	115	80	50	105	80	515
757	65	45	43	72	55	43	323
758	67	57	55	114	77	55	425
968	77	70	90	43	145	75	500
759	60	85	40	68	30	45	328
760	110	135	60	88	50	65	508
761	103	60	86	50	60	86	445
762	75	80	55	35	25	35	305
763	85	105	85	40	40	50	405
764	105	140	95	45	55	65	505
765	50	50	40	64	50	40	294
766	75	65	55	69	65	55	384
767	105	95	75	74	85	75	509
768	120	100	85	45	30	85	465
769	75	125	75	85	30	75	465
770	45	53	70	42	40	60	310
771	55	63	90	42	50	80	380
772	75	103	80	92	70	80	500
773	30	45	59	57	30	39	260
774	40	55	99	47	40	79	360
775	60	100	89	112	55	69	485
776	40	27	60	66	37	50	280
777	60	67	85	116	77	75	480
778	45	35	50	30	70	50	280
779	70	60	75	90	110	75	480
780	70	92	65	98	80	55	460
781	50	72	35	65	35	35	292
782	60	82	45	74	45	45	351
783	95	117	80	92	65	70	519
784	70	90	45	50	15	45	315
785	105	140	55	95	30	55	480
786	75	86	67	60	106	67	461
787	50	65	85	55	35	35	325
788	70	105	125	45	65	75	485
789	50	75	70	48	35	70	348
790	65	90	115	58	45	115	488
791	72	58	80	97	103	80	490
792	38	30	85	30	55	65	303
793	58	50	145	30	95	105	483
794	54	78	103	22	53	45	355
795	74	108	133	32	83	65	495
796	55	112	45	70	74	45	401
797	75	140	65	110	112	65	567
798	50	50	62	65	40	62	329
799	80	95	82	75	60	82	474
800	40	65	40	65	80	40	330
801	60	105	60	105	120	60	510
802	55	50	40	75	40	40	300
803	75	95	60	115	65	60	470
804	45	30	50	45	55	65	290
805	60	45	70	55	75	85	390
806	70	55	95	65	95	110	490
807	45	30	40	20	105	50	290
808	65	40	50	30	125	60	370
809	110	65	75	30	125	85	490
810	62	44	50	55	44	50	305
811	75	87	63	98	87	63	473
812	36	50	50	44	65	60	305
813	51	65	65	59	80	75	395
814	71	95	85	79	110	95	535
815	60	60	50	75	40	50	335
816	80	100	70	95	60	70	475
817	55	75	60	103	75	60	428
818	50	75	45	60	40	45	315
819	70	135	105	20	60	105	495
820	69	55	45	15	55	55	294
821	114	85	70	30	85	80	464
822	55	40	50	40	65	85	335
823	100	60	70	60	85	105	480
824	165	75	80	65	40	45	470
825	50	47	50	65	57	50	319
826	70	77	60	108	97	60	472
827	44	50	91	10	24	86	305
828	74	94	131	20	54	116	489
829	40	55	70	30	45	60	300
830	60	80	95	50	70	85	440
831	60	100	115	90	70	85	520
832	35	55	40	60	45	40	275
833	65	85	70	40	75	70	405
835	55	55	55	30	85	55	335
836	75	75	75	40	125	95	485
837	50	30	55	20	65	55	275
838	60	40	60	55	95	60	370
839	60	55	90	80	145	90	520
840	46	87	60	57	30	40	320
841	66	117	70	67	40	50	410
842	76	147	90	97	60	70	540
843	55	70	40	40	60	40	305
844	95	130	80	50	70	80	505
845	80	50	50	105	95	135	515
846	50	40	85	25	40	65	305
847	80	70	40	145	100	60	495
848	109	66	84	32	81	99	471
849	45	85	50	65	55	50	350
850	65	125	60	105	95	60	510
851	77	120	90	48	60	90	485
852	59	74	50	35	35	50	303
853	89	124	80	55	55	80	483
854	45	85	70	60	40	40	340
855	65	125	100	70	60	70	490
856	95	110	95	55	40	95	490
857	70	83	50	60	37	50	350
858	100	123	75	80	57	75	510
859	70	55	75	60	45	65	370
860	110	65	105	80	55	95	510
861	85	97	66	65	105	66	484
862	58	109	112	109	48	48	484
863	52	65	50	38	45	50	300
864	72	85	70	58	65	70	420
865	92	105	90	98	125	90	600
866	55	85	55	60	50	55	360
867	85	60	65	100	135	105	550
868	91	90	129	108	90	72	580
869	91	129	90	108	72	90	580
870	91	90	72	108	90	129	580
871	79	115	70	111	125	80	580
872	79	115	70	111	125	80	580
873	100	120	100	90	150	120	680
874	100	150	120	90	120	100	680
875	89	125	90	101	115	80	600
876	125	130	90	95	130	90	660
877	91	72	90	108	129	90	580
878	100	77	77	90	128	128	600
879	71	120	95	99	120	95	600
880	56	61	65	38	48	45	313
881	61	78	95	57	56	58	405
882	88	107	122	64	74	75	530
883	40	45	40	60	62	60	307
884	59	59	58	73	90	70	409
885	75	69	72	104	114	100	534
886	41	56	40	71	62	44	314
887	54	63	52	97	83	56	405
888	72	95	67	122	103	71	530
889	38	36	38	57	32	36	237
890	85	56	77	78	50	77	423
891	45	50	43	62	40	38	278
892	62	73	55	84	56	52	382
893	78	81	71	126	74	69	499
894	38	35	40	35	27	25	200
895	45	22	60	29	27	30	213
896	80	52	50	89	90	50	411
897	62	50	58	72	73	54	369
898	86	68	72	106	109	66	507
899	44	38	39	42	61	79	303
900	54	45	47	52	75	98	371
901	78	65	68	75	112	154	552
902	66	65	48	52	62	57	350
903	123	100	62	68	97	81	531
904	67	82	62	43	46	48	348
905	95	124	78	58	69	71	495
906	75	80	60	102	65	90	472
907	62	48	54	68	63	60	355
908	74	48	76	104	83	81	466
909	45	80	100	28	35	37	325
910	59	110	150	35	45	49	448
911	60	50	140	60	50	140	500
912	78	52	60	23	63	65	341
913	101	72	72	29	99	89	462
914	62	48	66	49	59	57	341
915	82	80	86	72	85	75	480
916	53	54	53	45	37	46	288
917	86	92	88	73	68	75	482
918	42	52	67	50	39	56	306
919	72	105	115	68	54	86	500
920	50	60	60	30	60	60	320
921	65	75	90	44	97	123	494
922	50	53	62	44	58	63	330
923	71	73	88	59	120	89	500
924	44	38	33	70	61	43	289
925	62	55	52	109	109	94	481
926	58	89	77	48	45	45	362
927	82	121	119	71	69	59	521
928	77	59	50	46	67	63	362
929	123	77	72	58	99	92	521
930	95	65	65	60	110	130	525
931	78	92	75	118	74	63	500
932	67	58	57	101	81	67	431
933	50	50	150	50	50	150	500
934	45	50	35	40	55	75	300
935	68	75	53	60	83	113	452
936	90	100	70	80	110	150	600
937	57	80	91	75	80	87	470
938	43	70	48	38	50	60	309
939	85	110	76	56	65	82	474
940	49	66	70	51	44	55	335
1022	137	113	89	97	137	107	680
941	65	90	122	84	58	75	494
942	55	69	85	28	32	35	304
943	95	117	184	28	44	46	514
944	40	30	35	55	45	40	245
945	85	70	80	123	97	80	535
946	126	131	95	99	131	98	680
947	126	131	95	99	131	98	680
948	108	100	121	95	81	95	600
949	50	100	150	50	100	150	600
950	80	110	60	70	150	130	600
951	80	110	120	70	130	90	600
952	68	55	55	42	50	50	320
953	78	75	75	52	70	70	420
954	78	107	75	70	100	100	530
955	45	65	40	70	60	40	320
956	65	85	50	90	80	50	420
957	95	115	90	60	80	90	530
958	50	54	54	40	66	56	320
959	60	69	69	50	91	81	420
960	80	74	74	60	126	116	530
961	35	75	30	65	30	30	265
962	55	85	50	75	40	50	355
963	80	120	75	60	75	75	485
964	48	70	30	45	30	30	253
965	88	110	60	45	55	60	418
966	47	62	45	46	55	45	300
967	57	82	95	36	55	75	400
969	47	82	57	63	42	47	338
970	97	132	77	43	62	67	478
971	75	70	70	93	98	70	476
972	40	45	40	84	55	40	304
973	60	55	60	124	95	70	464
974	45	65	40	60	30	40	280
975	75	115	65	112	55	65	487
976	45	20	20	40	25	25	175
977	50	53	62	45	43	52	305
978	50	63	152	35	53	142	495
979	70	100	70	45	45	55	385
980	100	125	100	35	55	85	500
981	38	40	52	27	40	72	269
982	68	70	92	42	50	132	454
983	40	55	35	35	50	35	250
984	70	105	90	45	80	90	480
985	40	35	55	15	65	75	285
986	60	45	80	30	90	100	405
987	48	44	40	77	71	40	320
988	68	64	60	117	111	60	480
989	70	75	50	50	45	50	340
990	120	125	80	60	55	60	500
991	42	30	38	32	30	38	210
992	52	40	48	62	40	48	290
993	72	120	98	72	50	98	510
1023	109	53	47	103	127	131	570
994	51	52	90	100	82	110	485
995	90	60	80	60	90	110	490
996	100	120	90	80	40	60	490
997	25	35	40	80	20	30	230
998	75	125	140	40	60	90	530
999	55	55	80	15	70	45	320
1000	85	75	110	35	100	75	480
1001	55	60	130	5	30	130	410
1002	95	95	95	59	95	95	534
1003	95	95	95	95	95	95	570
1004	60	100	60	120	100	60	500
1005	65	115	65	65	75	95	480
1006	60	78	135	36	91	85	485
1007	65	98	63	96	40	73	435
1008	55	90	80	96	50	105	476
1009	68	105	70	92	70	70	475
1010	78	60	85	36	135	91	485
1011	70	131	100	40	86	90	517
1012	45	55	65	45	45	45	300
1013	55	75	90	65	65	70	420
1014	75	110	125	85	100	105	600
1015	70	115	85	130	95	75	570
1016	70	85	75	95	130	115	570
1017	70	130	115	75	85	95	570
1018	70	75	115	85	95	130	570
1019	43	29	31	37	29	31	200
1021	137	137	107	97	113	89	680
1027	97	101	103	61	107	101	570
1028	59	181	131	109	59	31	570
1029	223	101	53	43	97	53	570
1030	97	107	101	79	127	89	600
1031	80	95	115	65	130	115	600
1032	90	125	80	125	90	90	600
1033	67	73	67	73	73	67	420
1034	73	73	73	121	127	73	540
1035	61	131	211	13	53	101	570
1036	53	127	53	107	151	79	570
1037	88	112	75	143	102	80	600
1038	46	65	65	34	55	35	300
1039	135	143	143	34	80	65	600
1040	50	65	50	65	40	40	310
1041	70	85	70	80	55	60	420
1042	100	125	90	85	60	70	530
1043	50	71	40	69	40	40	310
1044	65	86	60	94	55	60	420
1045	80	116	75	119	65	75	530
1046	50	40	40	70	70	40	310
1047	65	60	55	90	95	55	420
1048	70	85	65	120	125	65	530
1049	70	55	55	25	35	35	275
1050	120	95	95	20	55	75	460
1051	38	47	35	57	33	35	245
1052	68	67	55	77	43	55	365
1053	98	87	105	67	53	85	495
1054	25	20	20	45	25	45	180
1055	50	35	80	30	50	90	335
1056	60	45	110	90	80	120	505
1057	40	28	28	50	47	52	245
1058	70	58	58	90	87	92	455
1059	40	40	60	10	40	60	250
1060	60	50	90	60	80	120	460
1061	42	40	55	48	40	45	270
1062	72	80	100	88	60	90	490
1063	50	64	50	44	38	38	284
1064	90	115	90	74	48	68	485
1065	59	45	50	26	40	50	270
1066	69	90	60	121	90	60	490
1067	30	40	50	30	40	50	240
1068	80	60	90	50	60	70	410
1069	110	80	120	30	80	90	510
1070	40	40	80	20	40	40	260
1071	70	110	80	70	95	60	485
1072	110	85	80	30	100	80	485
1073	52	57	75	46	35	50	315
1074	72	107	125	71	65	70	510
1076	41	63	40	66	40	30	280
1077	61	123	60	136	60	50	490
1078	40	38	35	40	54	35	242
1079	75	98	70	75	114	70	502
1080	50	65	45	45	50	50	305
1081	100	115	65	65	90	90	525
1082	50	68	60	32	50	50	310
1083	80	118	90	42	70	80	480
1084	40	45	45	50	74	54	308
1085	60	65	65	70	134	114	508
1086	42	30	45	39	56	53	265
1087	57	40	65	49	86	73	370
1088	57	90	95	29	136	103	510
1089	45	45	30	50	55	40	265
1090	65	60	45	70	75	55	370
1091	95	120	65	60	95	75	510
1092	93	90	101	95	60	81	520
1093	70	110	100	50	50	60	440
1094	60	95	50	30	145	130	510
1095	62	135	95	65	68	82	507
1096	80	85	75	70	110	100	520
1097	58	95	145	30	50	105	483
1098	45	40	40	34	50	61	270
1099	65	60	75	64	110	121	495
1100	65	100	100	75	70	60	470
1101	48	101	95	15	91	85	435
1102	30	25	35	20	45	30	185
1103	70	65	60	65	125	90	475
1104	100	125	135	70	20	20	470
1105	75	80	110	50	65	90	470
1106	60	65	55	95	105	95	475
1107	58	95	58	97	70	58	436
1108	72	80	49	40	40	49	330
1109	122	130	69	30	80	69	500
1110	90	100	90	75	80	70	505
1111	90	100	90	55	90	80	505
1112	90	90	100	75	70	80	505
1113	90	90	100	55	80	90	505
1114	70	95	115	85	120	50	535
1115	28	60	30	82	40	30	270
1116	68	80	50	102	60	50	410
1117	88	120	75	142	100	75	600
1118	92	130	115	138	80	115	670
1119	92	130	115	138	80	115	670
1120	140	85	95	130	145	95	690
1121	60	90	60	72	53	50	385
1122	100	130	100	97	63	60	550
1123	105	120	105	105	70	95	600
1124	80	100	50	200	100	50	580
1125	200	100	50	80	100	50	580
1126	100	145	130	30	65	110	580
1127	100	65	60	130	145	80	580
1128	100	80	80	80	80	80	500
1129	103	105	72	65	105	75	525
1130	70	135	95	85	45	70	500
1131	130	140	105	50	45	80	550
1132	120	112	65	78	80	75	530
1133	80	130	60	120	40	80	510
1184	75	50	85	45	115	100	470
1134	85	115	95	85	65	65	510
1135	74	115	70	106	135	80	580
1136	40	61	54	65	45	45	310
1137	61	80	63	83	60	63	410
1138	76	110	70	123	81	70	530
1139	67	45	59	36	63	40	310
1140	81	55	78	49	90	58	411
1141	104	75	100	66	110	75	530
1142	55	65	45	50	50	45	310
1143	70	85	65	65	65	60	410
1144	85	120	80	85	85	75	530
1145	54	45	40	35	35	45	254
1146	110	100	75	65	59	80	489
1147	35	41	45	20	29	40	210
1148	60	79	92	35	52	86	404
1149	33	46	40	45	21	25	210
1150	71	102	78	92	52	55	450
1151	45	50	20	60	40	25	240
1152	60	75	40	85	50	40	350
1153	70	115	70	105	70	60	490
1232	80	120	80	135	90	65	570
1154	50	50	45	75	40	45	305
1155	74	75	70	111	65	75	470
1156	37	55	70	65	30	55	312
1157	57	80	115	95	50	80	477
1158	41	35	45	30	58	51	260
1159	52	53	60	33	78	78	354
1160	78	69	90	39	125	109	510
1161	82	96	51	92	45	51	417
1162	55	55	75	25	35	35	280
1163	60	60	100	35	35	65	355
1164	100	100	130	35	45	90	500
1165	40	50	40	30	50	40	250
1166	85	60	100	75	125	80	525
1167	75	125	80	85	60	100	525
1168	61	31	41	45	59	35	272
1169	109	64	91	45	103	83	495
1170	40	40	35	70	55	40	280
1171	70	70	60	125	105	60	490
1172	60	78	60	51	40	51	340
1173	80	120	90	85	60	70	505
1174	40	65	35	75	40	35	290
1175	63	95	65	110	80	72	485
1176	40	65	30	60	45	35	275
1177	55	115	70	90	80	70	480
1178	40	40	35	70	50	100	335
1179	80	70	65	100	80	120	515
1180	70	100	115	75	35	55	450
1181	52	62	40	50	62	40	306
1182	65	108	65	75	108	65	486
1183	41	50	60	30	31	58	270
1185	30	35	30	75	55	40	265
1186	95	60	60	105	101	60	481
1187	50	45	45	58	35	64	297
1188	65	55	55	78	45	82	380
1189	85	75	77	94	70	105	506
1190	10	55	25	95	35	25	245
1191	35	100	50	120	50	70	425
1192	70	103	85	82	60	85	485
1193	70	45	40	75	45	40	315
1194	100	70	72	100	53	62	457
1195	45	70	63	47	30	45	300
1196	80	119	90	90	54	67	500
1197	70	95	65	121	85	65	501
1198	70	85	145	65	60	55	480
1199	48	35	42	60	105	60	350
1200	83	55	90	86	130	81	525
1201	50	61	60	34	30	55	290
1202	72	101	100	68	50	97	488
1203	82	115	74	90	75	64	500
1204	108	68	45	43	30	40	334
1205	170	113	65	73	45	55	521
1206	90	102	73	70	78	65	478
1207	150	100	115	35	65	65	530
1208	68	50	60	82	120	95	475
1209	110	115	80	90	50	90	535
1210	130	75	60	20	45	100	430
1211	120	90	70	60	110	70	520
1212	125	100	80	55	85	75	520
1213	100	135	120	50	60	85	550
1214	115	131	131	87	53	53	570
1215	115	65	99	111	65	115	570
1216	111	127	99	55	79	99	570
1217	55	55	55	135	135	135	570
1218	85	135	79	81	85	105	570
1219	85	81	97	101	121	85	570
1220	90	112	120	106	72	70	570
1221	56	80	114	136	124	60	570
1222	154	140	108	50	50	68	570
1223	94	80	86	108	122	80	570
1224	80	70	60	110	140	110	570
1225	100	134	110	72	70	84	570
1226	65	75	45	55	35	45	320
1227	90	95	66	62	45	65	423
1228	115	145	92	87	75	86	600
1229	45	30	70	10	75	70	300
1230	87	60	95	84	133	91	550
1231	85	85	100	70	95	135	570
1233	155	110	125	45	55	80	570
1234	55	80	80	100	135	120	570
1235	105	139	71	119	55	101	590
1236	74	130	90	116	120	60	590
1237	100	135	115	135	85	100	670
1238	100	85	100	135	135	115	670
1239	99	83	91	109	125	83	590
1240	90	130	88	104	70	108	590
1241	80	80	110	40	95	80	485
1242	40	45	45	50	74	54	308
1243	71	60	106	70	121	80	508
1244	88	128	115	80	58	86	555
1245	88	75	66	106	130	90	555
1246	88	91	82	99	70	125	555
1247	80	120	84	110	60	96	550
1248	90	105	130	85	125	65	600
1249	106	80	110	44	120	80	540
1250	105	115	121	91	65	93	590
1251	125	73	91	75	137	89	590
1252	90	120	80	124	68	108	590
1253	90	72	100	98	122	108	590
1254	90	65	85	60	65	85	450
1255	88	88	160	88	88	88	600
\.


--
-- Data for Name: pokemon_types; Type: TABLE DATA; Schema: public; Owner: postgres
--

COPY public.pokemon_types (type_id, type_title) FROM stdin;
1	Травяной Ядовитый
2	Огненный Летающий
3	Огненный Драконий
4	Водный
5	Насекомый Летающий
6	Насекомый Ядовитый
7	Нормальный Летающий
8	Тёмный Нормальный
9	Электрический
10	Электрический Психический
11	Ледяной Стальной
12	Ледяной
13	Ледяной Волшебный
14	Земляной Стальной
15	Тёмный
16	Стальной
17	Нормальный
18	Огненный Каменный
19	Психический
20	Боевой
21	Каменный Электрический
22	Психический Волшебный
23	Ядовитый Психический
24	Водный Психический
25	Ядовитый Тёмный
26	Призрачный Ядовитый
27	Электрический Травяной
28	Травяной Драконий
29	Огненный Призрачный
30	Ядовитый Волшебный
31	Ледяной Психический
32	Боевой Огненный
33	Боевой Водный
34	Водный Тёмный
35	Водный Ледяной
36	Каменный Летающий
37	Психический Летающий
38	Боевой Летающий
39	Тёмный Летающий
40	Психический Боевой
41	Электрический Драконий
42	Ядовитый Земляной
43	Стальной Земляной
44	Тёмный Ядовитый
45	Насекомый Стальной
46	Насекомый Боевой
47	Боевой Ядовитый
48	Призрачный
49	Тёмный Огненный
50	Каменный Тёмный
51	Огненный Боевой
52	Водный Земляной
53	Тёмный Призрачный
54	Стальной Волшебный
55	Боевой Психический
56	Огненный Земляной
57	Драконий Волшебный
58	Огненный
59	Драконий Летающий
60	Стальной Психический
61	Драконий Психический
62	Земляной Огненный
63	Насекомый Земляной
64	Травяной
65	Нормальный Боевой
66	Драконий Земляной
67	Боевой Стальной
68	Травяной Ледяной
69	Электрический Летающий
70	Электрический Ледяной
71	Электрический Огненный
72	Электрический Водный
73	Стальной Драконий
74	Водный Драконий
75	Призрачный Драконий
76	Травяной Летающий
77	Нормальный Волшебный
78	Травяной Боевой
79	Ледяной Огненный
80	Огненный Психический
81	Земляной Призрачный
82	Нормальный Призрачный
83	Летающий
84	Земляной Летающий
85	Драконий Ледяной
86	Водный Боевой
87	Стальной Призрачный
88	Призрачный Травяной
89	Ледяной Каменный
90	Каменный Волшебный
91	Психический Тёмный
92	Призрачный Летающий
93	Каменный
94	Призрачный Волшебный
95	Психический Драконий
96	Летающий Стальной
97	Насекомый Психический
98	Водный Каменный
99	Каменный Огненный
100	Земляной
101	Летающий Водный
102	Электрический Ядовитый
103	Огненный Насекомый
104	Тёмный Волшебный
105	Волшебный
106	Психический Нормальный
107	Электрический Тёмный
108	Волшебный Стальной
109	Ядовитый Драконий
110	Боевой Тёмный
111	Тёмный Травяной
112	Психический Ледяной
113	Психический Призрачный
114	Земляной Нормальный
115	Водный Призрачный
116	Волшебный Летающий
117	Травяной Каменный
118	Травяной Огненный
119	Травяной Водный
120	Насекомый
121	Ядовитый
122	Ядовитый Летающий
123	Насекомый Травяной
124	Водный Ядовитый
125	Каменный Земляной
126	Электрический Стальной
127	Травяной Психический
128	Земляной Каменный
129	Водный Летающий
130	Каменный Водный
131	Ледяной Летающий
132	Драконий
133	Водный Электрический
134	Водный Волшебный
135	Нормальный Психический
136	Насекомый Каменный
137	Тёмный Ледяной
138	Ледяной Земляной
139	Стальной Летающий
140	Психический Травяной
141	Водный Травяной
142	Травяной Тёмный
143	Насекомый Водный
144	Насекомый Призрачный
145	Стальной Каменный
146	Земляной Драконий
147	Каменный Психический
148	Земляной Психический
149	Каменный Травяной
150	Каменный Насекомый
151	Ледяной Водный
152	Травяной Земляной
153	Водный Стальной
154	Нормальный Водный
155	Каменный Стальной
156	Призрачный Тёмный
157	Ядовитый Насекомый
158	Ядовитый Боевой
159	Ледяной Призрачный
160	Электрический Призрачный
161	Огненный Стальной
162	Психический Огненный
163	Травяной Волшебный
164	Земляной Тёмный
165	Тёмный Боевой
166	Нормальный Травяной
167	Насекомый Электрический
168	Травяной Стальной
169	Призрачный Огненный
170	Земляной Электрический
171	Тёмный Стальной
172	Тёмный Драконий
173	Насекомый Огненный
174	Стальной Боевой
175	Каменный Боевой
176	Драконий Огненный
177	Драконий Электрический
178	Нормальный Земляной
179	Огненный Нормальный
180	Тёмный Психический
181	Ядовитый Водный
182	Электрический Нормальный
183	Каменный Драконий
184	Каменный Ледяной
185	Электрический Волшебный
186	Летающий Драконий
187	Огненный Водный
188	Травяной Призрачный
189	Огненный Тёмный
190	Боевой Ледяной
191	Насекомый Волшебный
192	Водный Насекомый
193	Ядовитый Огненный
194	Призрачный Земляной
195	Нормальный Драконий
196	Драконий Боевой
197	Психический Стальной
198	Каменный Ядовитый
199	Боевой Призрачный
200	Ледяной Насекомый
201	Драконий Призрачный
202	Насекомый Тёмный
203	Электрический Боевой
204	Травяной Нормальный
205	Ядовитый Нормальный
206	Земляной Травяной
207	Летающий Тёмный
208	Стальной Ядовитый
209	Драконий Нормальный
210	Летающий Боевой
211	Драконий Водный
212	Земляной Боевой
213	Волшебный Психический
214	Электрический Земляной
215	Боевой Электрический
216	Огненный Ядовитый
217	Призрачный Стальной
218	Тёмный Земляной
219	Драконий Тёмный
220	Волшебный Боевой
221	Боевой Драконий
222	Ядовитый Призрачный
\.


--
-- Data for Name: pokemons; Type: TABLE DATA; Schema: public; Owner: postgres
--

COPY public.pokemons (pokemon_id, pokemon_title, pokemon_name, pokemon_type, pokemon_xp_group) FROM stdin;
1	Venusaur-Gmax	venusaurgmax	1	1
2	Венузавр	venusaurmega	1	1
3	Charizard-Gmax	charizardgmax	2	1
4	Чаризард	charizardmegax	3	1
5	Чаризард	charizardmegay	2	1
6	Blastoise-Gmax	blastoisegmax	4	1
7	Бластойз	blastoisemega	4	1
8	Butterfree-Gmax	butterfreegmax	5	2
9	Бидрилл	beedrillmega	6	2
10	Пиджеот	pidgeotmega	7	1
11	Раттата	rattataalola	8	2
12	Ратикейт	raticatealola	8	2
13	Пикачу	pikachualola	9	2
14	Пикачу	pikachubelle	9	2
15	Пикачу	pikachucosplay	9	2
16	Pikachu-Gmax	pikachugmax	9	2
17	Пикачу	pikachuhoenn	9	2
18	Пикачу	pikachukalos	9	2
19	Пикачу	pikachulibre	9	2
20	Пикачу	pikachuoriginal	9	2
21	Пикачу	pikachupartner	9	2
22	Пикачу	pikachuphd	9	2
23	Пикачу	pikachupopstar	9	2
24	Пикачу	pikachurockstar	9	2
25	Пикачу	pikachusinnoh	9	2
26	Пикачу	pikachustarter	9	2
27	Пикачу	pikachuunova	9	2
28	Пикачу	pikachuworld	9	2
29	Райчу	raichualola	10	2
30	Сэндшрю	sandshrewalola	11	2
31	Сэндслэш	sandslashalola	11	2
32	Вульпикс	vulpixalola	12	2
33	Найнтэйлс	ninetalesalola	13	2
34	Диглетт	diglettalola	14	2
35	Дагтрио	dugtrioalola	14	2
36	Мяут	meowthalola	15	2
37	Мяут	meowthgalar	16	2
38	Meowth-Gmax	meowthgmax	17	2
39	Персиан	persianalola	15	2
40	Гроули	growlithehisui	18	3
41	Арканайн	arcaninehisui	18	3
42	Алаказам	alakazammega	19	1
43	Machamp-Gmax	machampgmax	20	1
44	Джеодуд	geodudealola	21	1
45	Гравелер	graveleralola	21	1
46	Голем	golemalola	21	1
47	Понита	ponytagalar	19	2
48	Рапидаш	rapidashgalar	22	2
49	Слоупок	slowpokegalar	19	2
132	Ротом	rotommow	27	2
50	Слоубро	slowbrogalar	23	2
51	Слоубро	slowbromega	24	2
52	Фарфечд	farfetchdgalar	20	2
53	Граймер	grimeralola	25	2
54	Мак	mukalola	25	2
55	Gengar-Gmax	gengargmax	26	1
56	Генгар	gengarmega	26	1
57	Kingler-Gmax	kinglergmax	4	2
58	Волторб	voltorbhisui	27	2
59	Электрод	electrodehisui	27	2
60	Экзегутор	exeggutoralola	28	3
61	Маровак	marowakalola	29	2
62	Виззинг	weezinggalar	30	2
63	Кангасхан	kangaskhanmega	17	2
64	Mr	mrmimegalar	31	2
65	Пинсир	pinsirmega	5	3
66	Торос	taurospaldea	20	3
67	Торос	taurospaldeafire	32	3
68	Торос	taurospaldeawater	33	3
69	Гаярдос	gyaradosmega	34	3
70	Lapras-Gmax	laprasgmax	35	3
71	Eevee-Gmax	eeveegmax	17	2
72	Аэродактиль	aerodactylmega	36	3
73	Snorlax-Gmax	snorlaxgmax	17	3
74	Артикуно	articunogalar	37	3
75	Запдос	zapdosgalar	38	3
76	Молтрес	moltresgalar	39	3
77	Мьюту	mewtwomegax	40	3
78	Мьюту	mewtwomegay	19	3
79	Тайфложн	typhlosionhisui	29	1
80	Амфарос	ampharosmega	41	1
81	Вупер	wooperpaldea	42	2
82	Слоукинг	slowkinggalar	23	2
83	Стиликс	steelixmega	43	2
84	Квилфиш	qwilfishhisui	44	2
85	Сизор	scizormega	45	2
86	Геракросс	heracrossmega	46	3
87	Снизл	sneaselhisui	47	1
88	Корсола	corsolagalar	48	4
89	Хондум	houndoommega	49	3
90	Тиранитар	tyranitarmega	50	3
91	Скептайл	sceptilemega	28	1
92	Блазикен	blazikenmega	51	1
93	Свамперт	swampertmega	52	1
94	Зигзагун	zigzagoongalar	8	2
95	Линун	linoonegalar	8	2
96	Гардевуар	gardevoirmega	22	3
97	Саблай	sableyemega	53	1
98	Мавайл	mawilemega	54	4
99	Аггрон	aggronmega	16	3
100	Медичам	medichammega	55	2
101	Манектрик	manectricmega	9	3
102	Шарпедо	sharpedomega	34	3
103	Камерупт	cameruptmega	56	2
104	Алтария	altariamega	57	5
105	Кастформ	castformrainy	4	2
106	Кастформ	castformsnowy	12	2
107	Кастформ	castformsunny	58	2
108	Банетт	banettemega	48	4
109	Абсол	absolmega	15	1
110	Глали	glaliemega	12	2
111	Саламенс	salamencemega	59	3
112	Метагросс	metagrossmega	60	3
113	Латиас	latiasmega	61	3
114	Латиос	latiosmega	61	3
115	Кайогр	kyogreprimal	4	3
116	Граудон	groudonprimal	62	3
117	Рейкваза	rayquazamega	59	3
118	Деоксис	deoxysattack	19	3
119	Деоксис	deoxysdefense	19	3
120	Деоксис	deoxysspeed	19	3
121	Вормадам	wormadamsandy	63	2
122	Вормадам	wormadamtrash	45	2
123	Черрим	cherrimsunshine	64	2
124	Лопанни	lopunnymega	65	2
125	Гарчомп	garchompmega	66	3
126	Лукарио	lucariomega	67	1
127	Абомасноу	abomasnowmega	68	3
128	Галлэйд	gallademega	40	3
129	Ротом	rotomfan	69	2
130	Ротом	rotomfrost	70	2
131	Ротом	rotomheat	71	2
133	Ротом	rotomwash	72	2
134	Диалга	dialgaorigin	73	3
1024	Базвол	buzzwole	46	3
135	Палкия	palkiaorigin	74	3
136	Гиратина	giratinaorigin	75	3
137	Шеймин	shayminsky	76	1
138	Самурот	samurotthisui	34	1
139	Аудино	audinomega	77	4
140	Лилигант	lilliganthisui	78	2
141	Баскулин	basculinbluestriped	4	2
142	Баскулин	basculinwhitestriped	4	2
143	Дарумака	darumakagalar	12	1
144	Дарманитан	darmanitangalar	12	1
145	Дарманитан	darmanitangalarzen	79	1
146	Дарманитан	darmanitanzen	80	1
147	Ямаск	yamaskgalar	81	2
148	Зоруа	zoruahisui	82	1
149	Зороарк	zoroarkhisui	82	1
150	Станфиск	stunfiskgalar	14	2
151	Бравайри	braviaryhisui	37	3
152	Торнадус	tornadustherian	83	3
153	Тандерус	thundurustherian	69	3
154	Лэндорус	landorustherian	84	3
155	Кюрем	kyuremblack	85	3
156	Кюрем	kyuremwhite	85	3
157	Келдео	keldeoresolute	86	3
158	Мелоэтта	meloettapirouette	65	3
159	Грениндзя	greninjaash	34	1
160	Мяустик	meowsticf	19	2
161	Эджислэш	aegislashblade	87	2
1025	Фиромоса	pheromosa	46	3
162	Слиггу	sliggoohisui	73	3
163	Гудра	goodrahisui	73	3
164	Пампкабу	pumpkaboolarge	88	2
165	Пампкабу	pumpkaboosmall	88	2
166	Пампкабу	pumpkaboosuper	88	2
167	Горгейст	gourgeistlarge	88	2
168	Горгейст	gourgeistsmall	88	2
169	Горгейст	gourgeistsuper	88	2
170	Авалагг	avalugghisui	89	2
171	Зигард	zygarde10	66	3
172	Зигард	zygardecomplete	66	3
173	Дианси	dianciemega	90	3
174	Хупа	hoopaunbound	91	3
175	Десиджуай	decidueyehisui	78	1
176	Орикорио	oricoriopau	37	2
177	Орикорио	oricoriopompom	69	2
178	Орикорио	oricoriosensu	92	2
179	Ликанрок	lycanrocdusk	93	2
180	Ликанрок	lycanrocmidnight	93	2
181	Вишиваши	wishiwashischool	4	4
182	Миниор	miniormeteor	36	1
183	Мимикью	mimikyubusted	94	2
184	Некрозма	necrozmaultra	95	3
185	Melmetal-Gmax	melmetalgmax	16	3
186	Риллабум	rillaboomgmax	64	1
187	Синдерейс	cinderacegmax	58	1
188	Интелеон	inteleongmax	4	1
189	Корвинайт	corviknightgmax	96	1
190	Орбитл	orbeetlegmax	97	2
191	Дреднав	drednawgmax	98	2
192	Коалоссал	coalossalgmax	99	1
193	Флэпл	flapplegmax	28	5
194	Эплтан	appletungmax	28	5
195	Сандаконда	sandacondagmax	100	2
196	Краморант	cramorantgorging	101	2
197	Краморант	cramorantgulping	101	2
198	Токстрисити	toxtricitygmax	102	1
199	Токстрисити	toxtricitylowkey	102	1
200	Токстрисити	toxtricitylowkeygmax	102	1
201	Сентискорч	centiskorchgmax	103	2
202	Синисти	sinisteaantique	48	2
203	Полтигейст	polteageistantique	48	2
204	Хаттерена	hatterenegmax	22	3
205	Гриммснарл	grimmsnarlgmax	104	2
206	Алкреми	alcremiegmax	105	2
207	Айскью	eiscuenoice	12	3
208	Индиди	indeedeef	106	4
209	Морпеко	morpekohangry	107	2
210	Коппераджа	copperajahgmax	16	2
211	Дюралюдон	duraludongmax	73	2
212	Зэйшиан	zaciancrowned	108	3
213	Замазента	zamazentacrowned	67	3
214	Этернатус	eternatuseternamax	109	3
215	Уршифу	urshifugmax	110	3
216	Уршифу	urshifurapidstrike	33	3
217	Уршифу	urshifurapidstrikegmax	33	3
218	Заруда	zarudedada	111	3
219	Калирекс	calyrexice	112	3
220	Калирекс	calyrexshadow	113	3
221	Урсалуна	ursalunabloodmoon	114	2
222	Баскулиджен	basculegionf	115	2
223	Энаморус	enamorustherian	116	3
224	Маусхолд	mausholdfour	17	4
225	Даданспарс	dudunsparcethreesegment	17	2
226	Огерпон	ogerponcornerstone	117	3
227	Огерпон	ogerponhearthflame	118	3
228	Огерпон	ogerponwellspring	119	3
229	Терапагос	terapagosstellar	17	3
230	Терапагос	terapagosterastal	17	3
231	Бульбазавр	bulbasaur	1	1
232	Ивизавр	ivysaur	1	1
233	Венузавр	venusaur	1	1
234	Чармандер	charmander	58	1
235	Чармилион	charmeleon	58	1
236	Чаризард	charizard	2	1
237	Сквиртл	squirtle	4	1
238	Вартортл	wartortle	4	1
239	Бластойз	blastoise	4	1
240	Катерпи	caterpie	120	2
241	Метапод	metapod	120	2
242	Баттерфри	butterfree	5	2
243	Видл	weedle	6	2
244	Какуна	kakuna	6	2
245	Бидрилл	beedrill	6	2
246	Пиджи	pidgey	7	1
247	Пиджеотто	pidgeotto	7	1
248	Пиджеот	pidgeot	7	1
249	Раттата	rattata	17	2
250	Ратикейт	raticate	17	2
251	Спироу	spearow	7	2
252	Фироу	fearow	7	2
253	Эканс	ekans	121	2
254	Арбок	arbok	121	2
255	Пикачу	pikachu	9	2
256	Райчу	raichu	9	2
257	Сэндшрю	sandshrew	100	2
258	Сэндслэш	sandslash	100	2
259	Нидоран	nidoranf	121	1
260	Нидорина	nidorina	121	1
261	Нидоквин	nidoqueen	42	1
262	Нидоран	nidoranm	121	1
263	Нидорино	nidorino	121	1
264	Нидокинг	nidoking	42	1
265	Клефейри	clefairy	105	4
266	Клефейбл	clefable	105	4
267	Вульпикс	vulpix	58	2
268	Найнтэйлс	ninetales	58	2
269	Джиглипаф	jigglypuff	77	4
270	Виглитаф	wigglytuff	77	4
271	Зубат	zubat	122	2
272	Голбат	golbat	122	2
273	Оддиш	oddish	1	1
274	Глум	gloom	1	1
275	Вайлплюм	vileplume	1	1
276	Парас	paras	123	2
277	Парасект	parasect	123	2
278	Венонат	venonat	6	2
279	Веномот	venomoth	6	2
280	Диглетт	diglett	100	2
281	Дагтрио	dugtrio	100	2
282	Мяут	meowth	17	2
283	Персиан	persian	17	2
284	Псидак	psyduck	4	2
285	Голдак	golduck	4	2
286	Манки	mankey	20	2
287	Праймеп	primeape	20	2
288	Гроули	growlithe	58	3
289	Арканайн	arcanine	58	3
290	Поливаг	poliwag	4	1
1020	Космоем	cosmoem	19	3
291	Поливирл	poliwhirl	4	1
495	Вурмпл	wurmple	120	2
292	Поливрат	poliwrath	86	1
293	Абра	abra	19	1
294	Кадабра	kadabra	19	1
295	Алаказам	alakazam	19	1
296	Мачоп	machop	20	1
297	Мачок	machoke	20	1
298	Мачамп	machamp	20	1
299	Белспраут	bellsprout	1	1
300	Випинбел	weepinbell	1	1
301	Виктрибел	victreebel	1	1
302	Тентакул	tentacool	124	3
303	Тентакруэль	tentacruel	124	3
304	Джеодуд	geodude	125	1
305	Гравелер	graveler	125	1
306	Голем	golem	125	1
307	Понита	ponyta	58	2
308	Рапидаш	rapidash	58	2
309	Слоупок	slowpoke	24	2
310	Слоубро	slowbro	24	2
311	Магнемайт	magnemite	126	2
312	Магнетон	magneton	126	2
313	Фарфечд	farfetchd	7	2
314	Додо	doduo	7	2
315	Додрио	dodrio	7	2
316	Сил	seel	4	2
317	Дьюгонг	dewgong	35	2
318	Граймер	grimer	121	2
319	Мак	muk	121	2
320	Шелдер	shellder	4	3
321	Клойстер	cloyster	35	3
322	Гастли	gastly	26	1
323	Хонтер	haunter	26	1
324	Генгар	gengar	26	1
325	Оникс	onix	125	2
326	Дроузи	drowzee	19	2
327	Гипно	hypno	19	2
328	Крабби	krabby	4	2
329	Кинглер	kingler	4	2
330	Волторб	voltorb	9	2
331	Электрод	electrode	9	2
332	Экзегут	exeggcute	127	3
333	Экзегутор	exeggutor	127	3
334	Кубон	cubone	100	2
335	Маровак	marowak	100	2
336	Хитмонли	hitmonlee	20	2
337	Хитмончан	hitmonchan	20	2
338	Ликитунг	lickitung	17	2
339	Коффинг	koffing	121	2
340	Виззинг	weezing	121	2
341	Райхорн	rhyhorn	128	3
342	Райдон	rhydon	128	3
343	Ченси	chansey	17	4
344	Танжела	tangela	64	2
345	Кангасхан	kangaskhan	17	2
346	Хорси	horsea	4	2
347	Сидра	seadra	4	2
348	Голдин	goldeen	4	2
349	Сикинг	seaking	4	2
350	Старью	staryu	4	3
351	Старми	starmie	24	3
352	Мистер Майм	mrmime	22	2
353	Сайтер	scyther	5	2
354	Джинкс	jynx	31	2
355	Электабаз	electabuzz	9	2
356	Магмар	magmar	58	2
357	Пинсир	pinsir	120	3
358	Торос	tauros	17	3
359	Мэджикарп	magikarp	4	3
360	Гаярдос	gyarados	129	3
361	Лапрас	lapras	35	3
362	Дитто	ditto	17	2
363	Иви	eevee	17	2
364	Вапореон	vaporeon	4	2
365	Джолтеон	jolteon	9	2
366	Флареон	flareon	58	2
367	Поригон	porygon	17	2
368	Оманайт	omanyte	130	2
369	Омастар	omastar	130	2
370	Кабуто	kabuto	130	2
371	Кабутопс	kabutops	130	2
372	Аэродактиль	aerodactyl	36	3
373	Снорлакс	snorlax	17	3
374	Артикуно	articuno	131	3
375	Запдос	zapdos	69	3
376	Молтрес	moltres	2	3
377	Дратини	dratini	132	3
378	Драгонайр	dragonair	132	3
379	Драгонайт	dragonite	59	3
380	Мьюту	mewtwo	19	3
381	Мью	mew	19	1
382	Чикорита	chikorita	64	1
383	Бэйлиф	bayleef	64	1
384	Меганиум	meganium	64	1
385	Синдаквил	cyndaquil	58	1
386	Квилава	quilava	58	1
387	Тайфложн	typhlosion	58	1
388	Тотодайл	totodile	4	1
389	Кроконав	croconaw	4	1
390	Фералигатр	feraligatr	4	1
391	Сентрет	sentret	17	2
1075	Краморант	cramorant	101	2
392	Фуррет	furret	17	2
522	Шединья	shedinja	144	5
393	Хут-хут	hoothoot	7	2
394	Ноктаул	noctowl	7	2
395	Ледиба	ledyba	5	4
396	Ледиан	ledian	5	4
397	Спинарак	spinarak	6	4
398	Ариадос	ariados	6	4
399	Кробат	crobat	122	2
400	Чинчоу	chinchou	133	3
401	Лантурн	lanturn	133	3
402	Пичу	pichu	9	2
403	Клеффа	cleffa	105	4
404	Иглибаф	igglybuff	77	4
405	Тогепи	togepi	105	4
406	Тогетик	togetic	116	4
407	Нату	natu	37	2
408	Ксату	xatu	37	2
409	Марип	mareep	9	1
410	Флафи	flaaffy	9	1
411	Амфарос	ampharos	9	1
412	Белоссом	bellossom	64	1
413	Мэрил	marill	134	4
414	Азумэрил	azumarill	134	4
415	Судовудо	sudowoodo	93	2
416	Политод	politoed	4	1
417	Хоппип	hoppip	76	1
418	Скиплум	skiploom	76	1
419	Джамплафф	jumpluff	76	1
420	Айпом	aipom	17	4
421	Санкерн	sunkern	64	1
422	Санфлора	sunflora	64	1
423	Янма	yanma	5	2
424	Вупер	wooper	52	2
425	Квагсайр	quagsire	52	2
426	Эспеон	espeon	19	2
427	Умбреон	umbreon	15	2
428	Муркроу	murkrow	39	1
429	Слоукинг	slowking	24	2
430	Мисдривус	misdreavus	48	4
431	Анноун	unown	19	2
432	Ваббафет	wobbuffet	19	2
433	Жирафариг	girafarig	135	2
434	Пинеко	pineco	120	2
435	Форетресс	forretress	45	2
436	Данспарс	dunsparce	17	2
437	Глайгер	gligar	84	1
438	Стиликс	steelix	43	2
439	Снаббул	snubbull	105	4
440	Гранбул	granbull	105	4
441	Квилфиш	qwilfish	124	2
442	Сизор	scizor	45	2
443	Шакл	shuckle	136	1
444	Геракросс	heracross	46	3
445	Снизл	sneasel	137	1
446	Теддиурса	teddiursa	17	2
447	Урсаринг	ursaring	17	2
448	Слагма	slugma	58	2
449	Магкарго	magcargo	18	2
450	Свайнуб	swinub	138	3
451	Пилосвайн	piloswine	138	3
452	Корсола	corsola	98	4
453	Реморэйд	remoraid	4	2
454	Октилери	octillery	4	2
455	Делибёрд	delibird	131	4
456	Мантин	mantine	129	3
457	Скармори	skarmory	139	3
458	Хондаур	houndour	49	3
459	Хондум	houndoom	49	3
460	Кингдра	kingdra	74	2
461	Фанпи	phanpy	100	2
462	Донфан	donphan	100	2
463	Поригон2	porygon2	17	2
464	Стантлер	stantler	17	3
465	Смиргл	smeargle	17	4
466	Тирог	tyrogue	20	2
467	Хитмонтоп	hitmontop	20	2
468	Смучам	smoochum	31	2
469	Элекид	elekid	9	2
470	Магби	magby	58	2
471	Милтанк	miltank	17	3
472	Блисси	blissey	17	4
473	Райкоу	raikou	9	3
474	Энтей	entei	58	3
475	Суйкун	suicune	4	3
476	Ларвитар	larvitar	125	3
477	Пьюпитар	pupitar	125	3
478	Тиранитар	tyranitar	50	3
479	Лугия	lugia	37	3
480	Хо-ох	hooh	2	3
481	Селеби	celebi	140	1
482	Трикко	treecko	64	1
483	Гровайл	grovyle	64	1
484	Скептайл	sceptile	64	1
485	Торчик	torchic	58	1
486	Комбаскен	combusken	51	1
487	Блазикен	blaziken	51	1
488	Мадкип	mudkip	4	1
489	Марштомп	marshtomp	52	1
490	Свамперт	swampert	52	1
491	Пучиена	poochyena	15	2
492	Майтиена	mightyena	15	2
493	Зигзагун	zigzagoon	17	2
494	Линун	linoone	17	2
496	Силкун	silcoon	120	2
497	Бьютифлай	beautifly	5	2
498	Каскун	cascoon	120	2
499	Дастокс	dustox	6	2
500	Лотад	lotad	141	1
501	Ломбрэ	lombre	141	1
502	Лудиколо	ludicolo	141	1
503	Сидот	seedot	64	1
504	Назлиф	nuzleaf	142	1
505	Шифтри	shiftry	142	1
506	Тэйллоу	taillow	7	1
507	Свеллоу	swellow	7	1
508	Вингал	wingull	129	2
509	Пелиппер	pelipper	129	2
510	Ральтс	ralts	22	3
511	Кирлия	kirlia	22	3
512	Гардевуар	gardevoir	22	3
513	Сурскит	surskit	143	2
514	Маскурейн	masquerain	5	2
515	Шрумиш	shroomish	64	6
516	Брелум	breloom	78	6
517	Слакот	slakoth	17	3
518	Вигорот	vigoroth	17	3
519	Слакинг	slaking	17	3
520	Нинкада	nincada	63	5
521	Нинджаск	ninjask	5	5
523	Висмур	whismur	17	1
524	Лаудред	loudred	17	1
525	Эксплауд	exploud	17	1
526	Макухита	makuhita	20	6
527	Харияма	hariyama	20	6
528	Азурилл	azurill	77	4
529	Носпас	nosepass	93	2
530	Скитти	skitty	17	4
531	Делкэтти	delcatty	17	4
532	Саблай	sableye	53	1
533	Мавайл	mawile	54	4
534	Арон	aron	145	3
535	Лайрон	lairon	145	3
536	Аггрон	aggron	145	3
537	Медитайт	meditite	55	2
538	Медичам	medicham	55	2
539	Электрайк	electrike	9	3
540	Манектрик	manectric	9	3
541	Плюсл	plusle	9	2
542	Минун	minun	9	2
543	Волбит	volbeat	120	5
544	Иллюмайз	illumise	120	6
545	Розалия	roselia	1	1
546	Гульпин	gulpin	121	6
547	Свалот	swalot	121	6
1026	Зюркиртри	xurkitree	9	3
548	Карванья	carvanha	34	3
549	Шарпедо	sharpedo	34	3
550	Вайлмер	wailmer	4	6
551	Вайлорд	wailord	4	6
552	Нумель	numel	56	2
553	Камерупт	camerupt	56	2
554	Торкол	torkoal	58	2
555	Споинк	spoink	19	4
556	Грумпиг	grumpig	19	4
557	Спинда	spinda	17	4
558	Трапинч	trapinch	100	1
559	Вибрава	vibrava	146	1
560	Флайгон	flygon	146	1
561	Какнея	cacnea	64	1
562	Кактурн	cacturne	142	1
563	Сваблю	swablu	7	5
564	Алтария	altaria	59	5
565	Зангус	zangoose	17	5
566	Севайпер	seviper	121	6
567	Лунатон	lunatone	147	4
568	Солрок	solrock	147	4
569	Барбоч	barboach	52	2
570	Вискаш	whiscash	52	2
571	Корфиш	corphish	4	6
572	Кроудант	crawdaunt	34	6
573	Балтой	baltoy	148	2
574	Клэйдол	claydol	148	2
575	Лилип	lileep	149	5
576	Крадили	cradily	149	5
577	Анорит	anorith	150	5
578	Армальдо	armaldo	150	5
579	Фибас	feebas	4	5
580	Майлотик	milotic	4	5
581	Кастформ	castform	17	2
582	Кеклеон	kecleon	17	1
583	Шаппет	shuppet	48	4
584	Банетт	banette	48	4
585	Даскулл	duskull	48	4
586	Дасклопс	dusclops	48	4
587	Тропиус	tropius	76	3
588	Чаймеко	chimecho	19	4
589	Абсол	absol	15	1
590	Вайнаут	wynaut	19	2
591	Снорант	snorunt	12	2
592	Глали	glalie	12	2
593	Сфил	spheal	151	1
594	Силео	sealeo	151	1
595	Валрейн	walrein	151	1
596	Кламперл	clamperl	4	5
597	Хантейл	huntail	4	5
598	Горбисс	gorebyss	4	5
599	Реликант	relicanth	98	3
600	Лавдиск	luvdisc	4	4
601	Багон	bagon	132	3
602	Шеллгон	shelgon	132	3
603	Саламенс	salamence	59	3
604	Белдам	beldum	60	3
605	Метанг	metang	60	3
606	Метагросс	metagross	60	3
607	Реджирок	regirock	93	3
608	Реджиайс	regice	12	3
609	Реджистил	registeel	16	3
610	Латиас	latias	61	3
611	Латиос	latios	61	3
612	Кайогр	kyogre	4	3
613	Граудон	groudon	100	3
614	Рейкваза	rayquaza	59	3
615	Джирачи	jirachi	60	3
616	Деоксис	deoxys	19	3
617	Тортвиг	turtwig	64	1
618	Гротл	grotle	64	1
619	Тортерра	torterra	152	1
620	Чимчар	chimchar	58	1
621	Монферно	monferno	51	1
622	Инфернейп	infernape	51	1
623	Пиплап	piplup	4	1
624	Принплап	prinplup	4	1
625	Эмполеон	empoleon	153	1
626	Старли	starly	7	1
627	Старэвиа	staravia	7	1
628	Стараптор	staraptor	7	1
629	Бидуф	bidoof	17	2
630	Бибарель	bibarel	154	2
631	Крикетот	kricketot	120	1
632	Крикетун	kricketune	120	1
633	Шинкс	shinx	9	1
634	Люксио	luxio	9	1
635	Люксрэй	luxray	9	1
636	Бадью	budew	1	1
637	Роузрейд	roserade	1	1
638	Крэнидос	cranidos	93	5
639	Рампардос	rampardos	93	5
640	Шилдон	shieldon	155	5
641	Бастиодон	bastiodon	155	5
642	Бурми	burmy	120	2
643	Вормадам	wormadam	123	2
644	Мотим	mothim	5	2
645	Комби	combee	5	1
646	Веспиквин	vespiquen	5	1
647	Пачирису	pachirisu	9	2
648	Буизель	buizel	4	2
649	Флотзел	floatzel	4	2
650	Черуби	cherubi	64	2
651	Черрим	cherrim	64	2
652	Шеллос	shellos	4	2
653	Гастродон	gastrodon	52	2
654	Эмбипом	ambipom	17	4
655	Дрифлун	drifloon	92	6
656	Дрифблим	drifblim	92	6
657	Банири	buneary	17	2
658	Лопанни	lopunny	17	2
659	Мисмагиус	mismagius	48	4
660	Ханчкроу	honchkrow	39	1
661	Глэймяу	glameow	17	4
662	Парагли	purugly	17	4
663	Чинлинг	chingling	19	4
664	Станки	stunky	25	2
665	Скантанк	skuntank	25	2
666	Бронзор	bronzor	60	2
667	Бронзонг	bronzong	60	2
668	Бонслай	bonsly	93	2
669	Майм Мл	mimejr	22	2
670	Хэппини	happiny	17	4
671	Чатот	chatot	7	1
672	Спиритомб	spiritomb	156	2
673	Гибл	gible	66	3
674	Габайт	gabite	66	3
675	Гарчомп	garchomp	66	3
676	Манчлакс	munchlax	17	3
731	Ошавот	oshawott	4	1
677	Риолу	riolu	20	1
678	Лукарио	lucario	67	1
679	Гиппопотас	hippopotas	100	3
680	Гипподон	hippowdon	100	3
681	Скорупи	skorupi	157	3
682	Драпион	drapion	25	3
683	Кроганк	croagunk	158	2
684	Токсикроук	toxicroak	158	2
685	Карнивайн	carnivine	64	3
686	Финнеон	finneon	4	5
687	Люминеон	lumineon	4	5
688	Мантайк	mantyke	129	3
689	Сновер	snover	68	3
690	Абомасноу	abomasnow	68	3
691	Вивайл	weavile	137	1
692	Магнезон	magnezone	126	2
693	Ликилики	lickilicky	17	2
694	Райпериор	rhyperior	128	3
695	Тангроуз	tangrowth	64	2
696	Элективайр	electivire	9	2
697	Магмотар	magmortar	58	2
698	Тогекисс	togekiss	116	4
699	Янмега	yanmega	5	2
700	Лифеон	leafeon	64	2
701	Глэсеон	glaceon	12	2
702	Глайскор	gliscor	84	1
703	Мамосвайн	mamoswine	138	3
704	Поригон-Z	porygonz	17	2
705	Галлэйд	gallade	40	3
706	Пробопасс	probopass	155	2
707	Даскнуар	dusknoir	48	4
708	Фросласс	froslass	159	2
709	Ротом	rotom	160	2
710	Юкси	uxie	19	3
711	Месприт	mesprit	19	3
712	Азелф	azelf	19	3
713	Диалга	dialga	73	3
714	Палкия	palkia	74	3
715	Хитран	heatran	161	3
716	Реджигигас	regigigas	17	3
717	Гиратина	giratina	75	3
718	Кресселия	cresselia	19	3
719	Фион	phione	4	3
720	Манафи	manaphy	4	3
721	Даркрай	darkrai	15	3
722	Шеймин	shaymin	64	1
723	Арсеус	arceus	17	3
724	Виктини	victini	162	3
725	Снайви	snivy	64	1
726	Сервайн	servine	64	1
727	Серпериор	serperior	64	1
728	Тепиг	tepig	58	1
729	Пигнайт	pignite	51	1
730	Эмбор	emboar	51	1
732	Дьювотт	dewott	4	1
733	Самурот	samurott	4	1
734	Патрат	patrat	17	2
735	Вачог	watchog	17	2
736	Лилипап	lillipup	17	1
737	Хардиер	herdier	17	1
738	Стаутлэнд	stoutland	17	1
739	Пурлойн	purrloin	15	2
740	Лайпард	liepard	15	2
741	Пансейж	pansage	64	2
742	Симисейж	simisage	64	2
743	Пансир	pansear	58	2
744	Симисир	simisear	58	2
745	Панпур	panpour	4	2
746	Симипур	simipour	4	2
747	Мунна	munna	19	4
748	Мушарна	musharna	19	4
749	Пидав	pidove	7	1
750	Транквил	tranquill	7	1
751	Анфезант	unfezant	7	1
752	Блицл	blitzle	9	2
753	Зебстрайка	zebstrika	9	2
754	Роггенрола	roggenrola	93	1
755	Болдор	boldore	93	1
756	Гигалит	gigalith	93	1
834	Иллектрос	eelektross	9	3
757	Вубат	woobat	37	2
758	Свубат	swoobat	37	2
968	Викавольт	vikavolt	167	2
759	Дрилбур	drilbur	100	2
760	Эскадрил	excadrill	14	2
761	Аудино	audino	17	4
762	Тимбур	timburr	20	1
763	Гурдур	gurdurr	20	1
764	Конкельдур	conkeldurr	20	1
765	Тимпол	tympole	4	1
766	Палпитод	palpitoad	52	1
767	Сейсмитод	seismitoad	52	1
768	Троу	throh	20	2
769	Соук	sawk	20	2
770	Сивадл	sewaddle	123	1
771	Свадлун	swadloon	123	1
772	Ливанни	leavanny	123	1
773	Венипид	venipede	6	1
774	Вирлипид	whirlipede	6	1
775	Сколипид	scolipede	6	1
776	Котони	cottonee	163	2
777	Вимсикот	whimsicott	163	2
778	Петилил	petilil	64	2
779	Лилигант	lilligant	64	2
780	Баскулин	basculin	4	2
781	Сандайл	sandile	164	1
782	Крокорок	krokorok	164	1
783	Крукодил	krookodile	164	1
784	Дарумака	darumaka	58	1
785	Дарманитан	darmanitan	58	1
786	Марактус	maractus	64	2
787	Двебл	dwebble	136	2
788	Крастл	crustle	136	2
789	Скрагги	scraggy	165	2
790	Скрафти	scrafty	165	2
791	Сиглиф	sigilyph	37	2
792	Ямаск	yamask	48	2
793	Кофагригус	cofagrigus	48	2
794	Тиртуга	tirtouga	98	2
795	Карракоста	carracosta	98	2
796	Архен	archen	36	2
797	Археопс	archeops	36	2
798	Траббиш	trubbish	121	2
799	Гарбодор	garbodor	121	2
800	Зоруа	zorua	15	1
801	Зороарк	zoroark	15	1
802	Минчино	minccino	17	4
803	Чинчино	cinccino	17	4
804	Готита	gothita	19	1
805	Готорита	gothorita	19	1
806	Готитель	gothitelle	19	1
807	Солосис	solosis	19	1
808	Дуожин	duosion	19	1
809	Руниклас	reuniclus	19	1
810	Даклетт	ducklett	129	2
811	Свана	swanna	129	2
812	Ванилит	vanillite	12	3
813	Ванилиш	vanillish	12	3
814	Ванилюкс	vanilluxe	12	3
815	Дирлинг	deerling	166	2
816	Сосбак	sawsbuck	166	2
817	Эмолга	emolga	69	2
818	Каррабласт	karrablast	120	2
819	Эскавальер	escavalier	45	2
820	Фунгус	foongus	1	2
821	Амунгус	amoonguss	1	2
822	Фриллиш	frillish	115	2
823	Джелисент	jellicent	115	2
824	Аломомола	alomomola	4	4
825	Джолтик	joltik	167	2
826	Гальвантула	galvantula	167	2
827	Ферросид	ferroseed	168	2
828	Ферроторн	ferrothorn	168	2
829	Клинк	klink	16	1
830	Кланг	klang	16	1
831	Клинкланг	klinklang	16	1
832	Тайнамо	tynamo	9	3
833	Иллектрик	eelektrik	9	3
835	Элгием	elgyem	19	2
836	Бихием	beheeyem	19	2
837	Литвик	litwick	169	1
838	Лампент	lampent	169	1
839	Шанделюр	chandelure	169	1
840	Аксью	axew	132	3
841	Фраксур	fraxure	132	3
842	Хаксорус	haxorus	132	3
843	Кабчу	cubchoo	12	2
844	Бертик	beartic	12	2
845	Криогонал	cryogonal	12	2
846	Шелмет	shelmet	120	2
847	Акселгор	accelgor	120	2
848	Станфиск	stunfisk	170	2
849	Минфу	mienfoo	20	1
850	Миншао	mienshao	20	1
851	Драддигон	druddigon	132	2
852	Голет	golett	81	2
853	Голурк	golurk	81	2
854	Поньярд	pawniard	171	2
855	Бишарп	bisharp	171	2
856	Буфалант	bouffalant	17	2
857	Рафлет	rufflet	7	3
858	Бравайри	braviary	7	3
859	Вуллаби	vullaby	39	3
860	Мандибазз	mandibuzz	39	3
861	Хитмор	heatmor	58	2
862	Дюрант	durant	45	2
863	Дейно	deino	172	3
864	Цвайлус	zweilous	172	3
865	Гидрайгон	hydreigon	172	3
866	Ларвеста	larvesta	173	3
867	Вулкарона	volcarona	173	3
868	Кобалион	cobalion	174	3
869	Терракион	terrakion	175	3
870	Виризион	virizion	78	3
871	Торнадус	tornadus	83	3
872	Тандерус	thundurus	69	3
873	Реширам	reshiram	176	3
874	Зекром	zekrom	177	3
875	Лэндорус	landorus	84	3
876	Кюрем	kyurem	85	3
877	Келдео	keldeo	86	3
878	Мелоэтта	meloetta	135	3
879	Генесект	genesect	45	3
880	Чеспин	chespin	64	1
881	Квилладин	quilladin	64	1
882	Чеснот	chesnaught	78	1
883	Феннекин	fennekin	58	1
884	Брейксен	braixen	58	1
885	Дельфокс	delphox	80	1
886	Фроки	froakie	4	1
887	Фрогадир	frogadier	4	1
888	Грениндзя	greninja	34	1
889	Баннелби	bunnelby	17	2
890	Диггерсби	diggersby	178	2
891	Флетчлинг	fletchling	7	1
892	Флетчиндер	fletchinder	2	1
893	Талонфлейм	talonflame	2	1
894	Скаттербаг	scatterbug	120	2
895	Спьюпа	spewpa	120	2
896	Вивилон	vivillon	5	2
897	Литлео	litleo	179	1
898	Пайроар	pyroar	179	1
899	Флабебе	flabebe	105	2
900	Флоэтта	floette	105	2
901	Флоргес	florges	105	2
902	Скиддо	skiddo	64	2
903	Гогоат	gogoat	64	2
904	Панчам	pancham	20	2
905	Пангоро	pangoro	110	2
906	Фурфру	furfrou	17	2
907	Эспурр	espurr	19	2
908	Мяустик	meowstic	19	2
909	Хонэдж	honedge	87	2
910	Даблэйд	doublade	87	2
911	Эджислэш	aegislash	87	2
912	Спритзи	spritzee	105	2
913	Ароматисс	aromatisse	105	2
914	Свирликс	swirlix	105	2
915	Сларпуфф	slurpuff	105	2
916	Инкей	inkay	180	2
917	Маламар	malamar	180	2
918	Бинакл	binacle	130	2
919	Барбаракл	barbaracle	130	2
920	Скрелп	skrelp	181	2
921	Драгалг	dragalge	109	2
922	Клончер	clauncher	4	3
923	Кловицер	clawitzer	4	3
924	Гелиоптайл	helioptile	182	2
925	Гелиолиск	heliolisk	182	2
926	Тирант	tyrunt	183	2
927	Тирантрум	tyrantrum	183	2
928	Амаура	amaura	184	2
929	Аврорус	aurorus	184	2
930	Сильвеон	sylveon	105	2
931	Холуча	hawlucha	38	2
932	Деденне	dedenne	185	2
933	Карбинк	carbink	90	3
934	Гуми	goomy	132	3
935	Слиггу	sliggoo	132	3
936	Гудра	goodra	132	3
937	Клефки	klefki	54	4
938	Фантамп	phantump	88	2
939	Тревенант	trevenant	88	2
940	Пампкабу	pumpkaboo	88	2
1022	Лунала	lunala	113	3
941	Горгейст	gourgeist	88	2
942	Бергмит	bergmite	12	2
943	Авалагг	avalugg	12	2
944	Нойбат	noibat	186	2
945	Нойверн	noivern	186	2
946	Зёрниас	xerneas	105	3
947	Ивелталь	yveltal	39	3
948	Зигард	zygarde	66	3
949	Дианси	diancie	90	3
950	Хупа	hoopa	113	3
951	Вулканьон	volcanion	187	3
952	Роулет	rowlet	76	1
953	Дартрикс	dartrix	76	1
954	Десиджуай	decidueye	188	1
955	Литтен	litten	58	1
956	Торракат	torracat	58	1
957	Инсайнрор	incineroar	189	1
958	Попплио	popplio	4	1
959	Брион	brionne	4	1
960	Примарина	primarina	134	1
961	Пикипек	pikipek	7	2
962	Трамбик	trumbeak	7	2
963	Тукенон	toucannon	7	2
964	Янгус	yungoos	17	2
965	Гамшос	gumshoos	17	2
966	Граббин	grubbin	120	2
967	Чарьябаг	charjabug	167	2
969	Крабролер	crabrawler	20	2
970	Крабоминебл	crabominable	190	2
971	Орикорио	oricorio	2	2
972	Кьютифлай	cutiefly	191	2
973	Рибомби	ribombee	191	2
974	Рокрафф	rockruff	93	2
975	Ликанрок	lycanroc	93	2
976	Вишиваши	wishiwashi	4	4
977	Мариани	mareanie	181	2
978	Токсапекс	toxapex	181	2
979	Мадбрэй	mudbray	100	2
980	Мадсдейл	mudsdale	100	2
981	Дупайдер	dewpider	192	2
982	Аракванид	araquanid	192	2
983	Фомантис	fomantis	64	2
984	Лурантис	lurantis	64	2
985	Морилаль	morelull	163	2
986	Шинатик	shiinotic	163	2
987	Саландит	salandit	193	2
988	Салаззл	salazzle	193	2
989	Стаффул	stufful	65	2
990	Бивеар	bewear	65	2
991	Боунсвит	bounsweet	64	1
992	Стини	steenee	64	1
993	Царина	tsareena	64	1
1023	Нихилего	nihilego	198	3
994	Комфей	comfey	105	4
995	Орангуру	oranguru	135	3
996	Пассимиан	passimian	20	3
997	Вимпод	wimpod	143	2
998	Голисопод	golisopod	143	2
999	Сэндигаст	sandygast	194	2
1000	Палоссэнд	palossand	194	2
1001	Пьюкумуку	pyukumuku	4	4
1002	Тип: Ноль	typenull	17	3
1003	Силвалли	silvally	17	3
1004	Миниор	minior	36	1
1005	Комала	komala	17	3
1006	Тартонатор	turtonator	3	2
1007	Тогедемару	togedemaru	126	2
1008	Мимикью	mimikyu	94	2
1009	Браксиш	bruxish	24	2
1010	Дрампа	drampa	195	2
1011	Делмайз	dhelmise	88	2
1012	Джангмо-о	jangmoo	132	3
1013	Хакамо-o	hakamoo	196	3
1014	Коммо-o	kommoo	196	3
1015	Тапу Коко	tapukoko	185	3
1016	Тапу Леле	tapulele	22	3
1017	Тапу Булу	tapubulu	163	3
1018	Тапу Фини	tapufini	134	3
1019	Космог	cosmog	19	3
1021	Солгалео	solgaleo	197	3
1027	Целестила	celesteela	139	3
1028	Картана	kartana	168	3
1029	Газлорд	guzzlord	172	3
1030	Некрозма	necrozma	19	3
1031	Магирна	magearna	54	3
1032	Маршадо	marshadow	199	3
1033	Пойпол	poipole	121	3
1034	Наганадел	naganadel	109	3
1035	Стакатака	stakataka	155	3
1036	Блацефалон	blacephalon	29	3
1037	Зераора	zeraora	9	3
1038	Мелтан	meltan	16	3
1039	Мелметалл	melmetal	16	3
1040	Груки	grookey	64	1
1041	Тваки	thwackey	64	1
1042	Риллабум	rillaboom	64	1
1043	Скорбанни	scorbunny	58	1
1044	Рабут	raboot	58	1
1045	Синдерейс	cinderace	58	1
1046	Соббл	sobble	4	1
1047	Дриззайл	drizzile	4	1
1048	Интелеон	inteleon	4	1
1049	Сквовет	skwovet	17	2
1050	Гридент	greedent	17	2
1051	Рукиди	rookidee	83	1
1052	Корвисквир	corvisquire	83	1
1053	Корвинайт	corviknight	96	1
1054	Блипбаг	blipbug	120	2
1055	Доттлер	dottler	97	2
1056	Орбитл	orbeetle	97	2
1057	Никит	nickit	15	4
1058	Фьевул	thievul	15	4
1059	Госсифлёр	gossifleur	64	2
1060	Эльдегосс	eldegoss	64	2
1061	Вулу	wooloo	17	2
1062	Дабвул	dubwool	17	2
1063	Чьюти	chewtle	4	2
1064	Дреднав	drednaw	98	2
1065	Ямпер	yamper	9	4
1066	Болтанд	boltund	9	4
1067	Роликоли	rolycoly	93	1
1068	Каркол	carkol	99	1
1069	Коалоссал	coalossal	99	1
1070	Эплин	applin	28	5
1071	Флэпл	flapple	28	5
1072	Эплтан	appletun	28	5
1073	Силикобра	silicobra	100	2
1074	Сандаконда	sandaconda	100	2
1076	Аррокуда	arrokuda	4	3
1077	Барраскида	barraskewda	4	3
1078	Токсель	toxel	102	1
1079	Токстрисити	toxtricity	102	1
1080	Сиззлипид	sizzlipede	103	2
1081	Сентискорч	centiskorch	103	2
1082	Клоббопус	clobbopus	20	1
1083	Грапплокт	grapploct	20	1
1084	Синисти	sinistea	48	2
1085	Полтигейст	polteageist	48	2
1086	Хатенна	hatenna	19	3
1087	Хаттрем	hattrem	19	3
1088	Хаттерена	hatterene	22	3
1089	Импидимп	impidimp	104	2
1090	Моргрем	morgrem	104	2
1091	Гриммснарл	grimmsnarl	104	2
1092	Обстагун	obstagoon	8	2
1093	Перрсеркер	perrserker	16	2
1094	Курсола	cursola	48	4
1095	Сирфетчд	sirfetchd	20	2
1096	Мистер Райм	mrrime	31	2
1097	Рунеригус	runerigus	81	2
1098	Милсери	milcery	105	2
1099	Алкреми	alcremie	105	2
1100	Фалинкс	falinks	20	2
1101	Пинкёрчин	pincurchin	9	2
1102	Сном	snom	200	2
1103	Фросмот	frosmoth	200	2
1104	Стонджорнер	stonjourner	93	3
1105	Айскью	eiscue	12	3
1106	Индиди	indeedee	106	4
1107	Морпеко	morpeko	107	2
1108	Кафант	cufant	16	2
1109	Коппераджа	copperajah	16	2
1110	Дракозолт	dracozolt	41	3
1111	Арктозолт	arctozolt	70	3
1112	Драковиш	dracovish	74	3
1113	Арктовиш	arctovish	35	3
1114	Дюралюдон	duraludon	73	2
1115	Дрипи	dreepy	201	3
1116	Драклоак	drakloak	201	3
1117	Драгапульт	dragapult	201	3
1118	Зэйшиан	zacian	105	3
1119	Замазента	zamazenta	20	3
1120	Этернатус	eternatus	109	3
1121	Кабфу	kubfu	20	3
1122	Уршифу	urshifu	110	3
1123	Заруда	zarude	111	3
1124	Реджилеки	regieleki	9	3
1125	Реджидраго	regidrago	132	3
1126	Гластриер	glastrier	12	3
1127	Спектрайр	spectrier	48	3
1128	Калирекс	calyrex	140	3
1129	Вирдир	wyrdeer	135	3
1130	Кливор	kleavor	136	2
1131	Урсалуна	ursaluna	114	2
1132	Баскулиджен	basculegion	115	2
1133	Снизлер	sneasler	47	1
1184	Рабска	rabsca	97	4
1134	Оверквил	overqwil	44	2
1135	Энаморус	enamorus	116	3
1136	Спригатито	sprigatito	64	1
1137	Флорагато	floragato	64	1
1138	Мяускарада	meowscarada	142	1
1139	Фуекоко	fuecoco	58	1
1140	Крокалор	crocalor	58	1
1141	Скеледирдж	skeledirge	29	1
1142	Кваксли	quaxly	4	1
1143	Кваксвелл	quaxwell	4	1
1144	Квакуаваль	quaquaval	86	1
1145	Лечонк	lechonk	17	2
1146	Ойнкологн	oinkologne	17	2
1147	Тараунтула	tarountula	120	5
1148	Спидопс	spidops	120	5
1149	Нимбл	nymble	120	2
1150	Локикс	lokix	202	2
1151	Павми	pawmi	9	2
1152	Павмо	pawmo	203	2
1153	Павмот	pawmot	203	2
1232	Чьен-Пао	chienpao	137	3
1154	Тандемаус	tandemaus	17	4
1155	Маусхолд	maushold	17	4
1156	Файдо	fidough	105	1
1157	Дашбан	dachsbun	105	1
1158	Смолив	smoliv	204	1
1159	Доллив	dolliv	204	1
1160	Арболива	arboliva	204	1
1161	Сквокабилли	squawkabilly	7	5
1162	Накли	nacli	93	1
1163	Наклстак	naclstack	93	1
1164	Гарганакл	garganacl	93	1
1165	Чаркадет	charcadet	58	3
1166	Армаруж	armarouge	80	3
1167	Серуледж	ceruledge	29	3
1168	Тадбулб	tadbulb	9	2
1169	Беллиболт	bellibolt	9	2
1170	Ваттрел	wattrel	69	1
1171	Киловаттрел	kilowattrel	69	1
1172	Масчифф	maschiff	15	1
1173	Мабостифф	mabosstiff	15	1
1174	Шрудл	shroodle	205	1
1175	Графайай	grafaiai	205	1
1176	Брамблин	bramblin	188	2
1177	Брамблгаст	brambleghast	188	2
1178	Тоедскул	toedscool	206	1
1179	Тоедскруэль	toedscruel	206	1
1180	Клауф	klawf	93	2
1181	Капсакид	capsakid	64	2
1182	Сковиллейн	scovillain	118	2
1183	Реллор	rellor	120	4
1185	Флиттл	flittle	19	1
1186	Эспатра	espathra	19	1
1187	Тинкатинк	tinkatink	108	1
1188	Тинкатаф	tinkatuff	108	1
1189	Тинкатон	tinkaton	108	1
1190	Виглетт	wiglett	4	2
1191	Вагтрио	wugtrio	4	2
1192	Бомбёрдир	bombirdier	207	3
1193	Финизен	finizen	4	3
1194	Палафин	palafin	4	3
1195	Варум	varoom	208	2
1196	Реваврум	revavroom	208	2
1197	Циклизард	cyclizar	209	1
1198	Ортформ	orthworm	16	3
1199	Глиммет	glimmet	198	1
1200	Глиммора	glimmora	198	1
1201	Гривард	greavard	48	1
1202	Хаундстоун	houndstone	48	1
1203	Фламиго	flamigo	210	1
1204	Сетодл	cetoddle	12	1
1205	Сетитан	cetitan	12	1
1206	Велуза	veluza	24	4
1207	Дондозо	dondozo	4	3
1208	Татсугири	tatsugiri	211	1
1209	Аннихилап	annihilape	199	2
1210	Клодсайр	clodsire	42	2
1211	Фарижираф	farigiraf	135	2
1212	Даданспарс	dudunsparce	17	2
1213	Кингамбит	kingambit	171	2
1214	Великий Бивень	greattusk	212	3
1215	Кричащий Хвост	screamtail	213	3
1216	Жестокая Шляпа	brutebonnet	142	3
1217	Порхающая Грива	fluttermane	94	3
1218	Скользкое Крыло	slitherwing	46	3
1219	Песчаный Шок	sandyshocks	214	3
1220	Железные Гусеницы	irontreads	14	3
1221	Железная Сумка	ironbundle	151	3
1222	Железные Руки	ironhands	215	3
1223	Железная Шея	ironjugulis	39	3
1224	Железная Моль	ironmoth	216	3
1225	Железные Шипы	ironthorns	21	3
1226	Фриджибакс	frigibax	85	3
1227	Арктибакс	arctibax	85	3
1228	Баксалибур	baxcalibur	85	3
1229	Гиммигул	gimmighoul	48	3
1230	Голденго	gholdengo	217	3
1231	Во-Чьен	wochien	111	3
1233	Тинг-Лу	tinglu	218	3
1234	Чи-Ю	chiyu	49	3
1235	Рычащая Луна	roaringmoon	219	3
1236	Железная Доблесть	ironvaliant	220	3
1237	Корайдон	koraidon	221	3
1238	Мирайдон	miraidon	41	3
1239	Блуждающая Волна	walkingwake	74	3
1240	Железные Листья	ironleaves	127	3
1241	Диплин	dipplin	28	5
1242	Полчагейст	poltchageist	188	2
1243	Синистча	sinistcha	188	2
1244	Окидоги	okidogi	158	3
1245	Мункидори	munkidori	23	3
1246	Фезандипити	fezandipiti	30	3
1247	Огерпон	ogerpon	64	3
1248	Архалюдон	archaludon	73	2
1249	Гидраппл	hydrapple	28	5
1250	Разжигающий Огонь	gougingfire	3	3
1251	Яростная Стрела	ragingbolt	41	3
1252	Железный Валун	ironboulder	147	3
1253	Железная Корона	ironcrown	60	3
1254	Терапагос	terapagos	17	3
1255	Печарант	pecharunt	222	3
\.


--
-- Data for Name: pokemons_ratings; Type: TABLE DATA; Schema: public; Owner: postgres
--

COPY public.pokemons_ratings (rating_id, pokemon_id, user_id, rating) FROM stdin;
\.


--
-- Data for Name: roles; Type: TABLE DATA; Schema: public; Owner: postgres
--

COPY public.roles (role_id, role_title) FROM stdin;
1	Админ
2	Пользователь
\.


--
-- Data for Name: user_activities; Type: TABLE DATA; Schema: public; Owner: postgres
--

COPY public.user_activities (activity_id, user_id, activity, "timestamp") FROM stdin;
163	2	Guest open pockemons	2024-03-29 14:48:35.803043
164	8	User 8 log in!	2024-03-29 16:13:27.739038
165	8	User 8 log in!	2024-03-29 16:17:24.444432
166	8	User 8 log in!	2024-03-29 16:18:08.748888
167	8	User 8 log in!	2024-03-29 16:20:07.010383
168	8	User 8 log in!	2024-03-29 16:21:53.712888
169	8	User 8 log in!	2024-03-29 16:23:12.169147
170	8	User 8 log in!	2024-03-29 16:32:24.477442
171	8	User 8 log in!	2024-03-29 16:34:53.639887
172	8	User 8 log in!	2024-03-29 16:36:21.782499
173	2	Guest try to registrate	2024-03-29 16:36:45.754221
174	2	Guest try to registrate	2024-03-29 16:43:06.33772
175	2	Guest try to registrate	2024-03-29 16:53:02.010142
177	8	User 8 log in!	2024-03-29 17:02:46.105884
178	8	User 8 log in!	2024-03-29 17:03:37.779788
179	2	Guest try to registrate	2024-03-29 17:04:51.497267
180	12	User 12 just registrated!	2024-03-29 17:05:02.579403
125	8	User 8 log in!	2024-03-28 15:42:49.501226
126	2	Guest open pockemons	2024-03-28 16:17:05.105506
127	2	Guest open pockemons	2024-03-28 16:18:15.1752
128	2	Guest open pockemons	2024-03-28 16:20:42.876841
129	2	Guest open pockemons	2024-03-28 16:25:42.313172
130	2	Guest open pockemons	2024-03-28 16:26:47.147878
131	2	Guest open pockemons	2024-03-28 16:30:52.042044
132	2	Guest open pockemons	2024-03-29 02:03:07.576711
133	2	Guest open pockemons	2024-03-29 02:04:22.733104
134	2	Guest open pockemons	2024-03-29 02:06:16.857369
135	2	Guest open pockemons	2024-03-29 02:06:57.186671
136	2	Guest open pockemons	2024-03-29 02:07:51.016661
137	2	Guest open pockemons	2024-03-29 02:08:31.84835
138	2	Guest open pockemons	2024-03-29 02:10:44.977453
139	2	Guest open pockemons	2024-03-29 02:18:04.591151
140	2	Guest try to registrate	2024-03-29 02:27:49.022716
142	2	Guest try to registrate	2024-03-29 02:28:58.024923
144	2	Guest open pockemons	2024-03-29 11:51:17.389579
145	2	Guest open pockemons	2024-03-29 11:52:19.720192
146	2	Guest open pockemons	2024-03-29 11:54:17.216216
147	2	Guest open pockemons	2024-03-29 11:54:56.080729
148	2	Guest open pockemons	2024-03-29 11:55:23.313986
149	2	Guest open pockemons	2024-03-29 11:57:49.377666
150	2	Guest open pockemons	2024-03-29 12:00:18.817355
151	2	Guest open pockemons	2024-03-29 12:02:47.238267
152	2	Guest open pockemons	2024-03-29 13:36:59.88323
153	2	Guest open pockemons	2024-03-29 13:44:29.019994
162	8	User 8 log in!	2024-03-29 14:33:32.281194
\.


--
-- Data for Name: xp_groups; Type: TABLE DATA; Schema: public; Owner: postgres
--

COPY public.xp_groups (group_id, group_title) FROM stdin;
1	Medium Slow
2	Medium Fast
3	Slow
4	Fast
5	Erratic
6	Fluctuating
\.


--
-- Name: abilities_ability_id_seq; Type: SEQUENCE SET; Schema: public; Owner: postgres
--

SELECT pg_catalog.setval('public.abilities_ability_id_seq', 306, true);


--
-- Name: poke_users_user_id_seq; Type: SEQUENCE SET; Schema: public; Owner: postgres
--

SELECT pg_catalog.setval('public.poke_users_user_id_seq', 12, true);


--
-- Name: pokemon_types_type_id_seq; Type: SEQUENCE SET; Schema: public; Owner: postgres
--

SELECT pg_catalog.setval('public.pokemon_types_type_id_seq', 1, false);


--
-- Name: pokemons_pokemon_id_seq; Type: SEQUENCE SET; Schema: public; Owner: postgres
--

SELECT pg_catalog.setval('public.pokemons_pokemon_id_seq', 1, false);


--
-- Name: pokemons_ratings_rating_id_seq; Type: SEQUENCE SET; Schema: public; Owner: postgres
--

SELECT pg_catalog.setval('public.pokemons_ratings_rating_id_seq', 1, false);


--
-- Name: roles_role_id_seq; Type: SEQUENCE SET; Schema: public; Owner: postgres
--

SELECT pg_catalog.setval('public.roles_role_id_seq', 1, false);


--
-- Name: user_activities_activity_id_seq; Type: SEQUENCE SET; Schema: public; Owner: postgres
--

SELECT pg_catalog.setval('public.user_activities_activity_id_seq', 180, true);


--
-- Name: xp_groups_group_id_seq; Type: SEQUENCE SET; Schema: public; Owner: postgres
--

SELECT pg_catalog.setval('public.xp_groups_group_id_seq', 1, false);


--
-- Name: abilities abilities_ability_name_key; Type: CONSTRAINT; Schema: public; Owner: postgres
--

ALTER TABLE ONLY public.abilities
    ADD CONSTRAINT abilities_ability_name_key UNIQUE (ability_name);


--
-- Name: abilities abilities_pkey; Type: CONSTRAINT; Schema: public; Owner: postgres
--

ALTER TABLE ONLY public.abilities
    ADD CONSTRAINT abilities_pkey PRIMARY KEY (ability_id);


--
-- Name: poke_users poke_users_pkey; Type: CONSTRAINT; Schema: public; Owner: postgres
--

ALTER TABLE ONLY public.poke_users
    ADD CONSTRAINT poke_users_pkey PRIMARY KEY (user_id);


--
-- Name: pokemon_abilities pokemon_abilities_pkey; Type: CONSTRAINT; Schema: public; Owner: postgres
--

ALTER TABLE ONLY public.pokemon_abilities
    ADD CONSTRAINT pokemon_abilities_pkey PRIMARY KEY (pokemon_id, ability_id);


--
-- Name: pokemon_types pokemon_types_pkey; Type: CONSTRAINT; Schema: public; Owner: postgres
--

ALTER TABLE ONLY public.pokemon_types
    ADD CONSTRAINT pokemon_types_pkey PRIMARY KEY (type_id);


--
-- Name: pokemons pokemons_pkey; Type: CONSTRAINT; Schema: public; Owner: postgres
--

ALTER TABLE ONLY public.pokemons
    ADD CONSTRAINT pokemons_pkey PRIMARY KEY (pokemon_id);


--
-- Name: pokemons_ratings pokemons_ratings_pkey; Type: CONSTRAINT; Schema: public; Owner: postgres
--

ALTER TABLE ONLY public.pokemons_ratings
    ADD CONSTRAINT pokemons_ratings_pkey PRIMARY KEY (rating_id);


--
-- Name: roles roles_pkey; Type: CONSTRAINT; Schema: public; Owner: postgres
--

ALTER TABLE ONLY public.roles
    ADD CONSTRAINT roles_pkey PRIMARY KEY (role_id);


--
-- Name: user_activities user_activities_pkey; Type: CONSTRAINT; Schema: public; Owner: postgres
--

ALTER TABLE ONLY public.user_activities
    ADD CONSTRAINT user_activities_pkey PRIMARY KEY (activity_id);


--
-- Name: xp_groups xp_groups_pkey; Type: CONSTRAINT; Schema: public; Owner: postgres
--

ALTER TABLE ONLY public.xp_groups
    ADD CONSTRAINT xp_groups_pkey PRIMARY KEY (group_id);


--
-- Name: poke_users poke_users_user_role_fkey; Type: FK CONSTRAINT; Schema: public; Owner: postgres
--

ALTER TABLE ONLY public.poke_users
    ADD CONSTRAINT poke_users_user_role_fkey FOREIGN KEY (user_role) REFERENCES public.roles(role_id);


--
-- Name: poke_users poke_users_user_totem_pokemon_fkey; Type: FK CONSTRAINT; Schema: public; Owner: postgres
--

ALTER TABLE ONLY public.poke_users
    ADD CONSTRAINT poke_users_user_totem_pokemon_fkey FOREIGN KEY (user_totem_pokemon) REFERENCES public.pokemons(pokemon_id);


--
-- Name: pokemon_abilities pokemon_abilities_ability_id_fkey; Type: FK CONSTRAINT; Schema: public; Owner: postgres
--

ALTER TABLE ONLY public.pokemon_abilities
    ADD CONSTRAINT pokemon_abilities_ability_id_fkey FOREIGN KEY (ability_id) REFERENCES public.abilities(ability_id);


--
-- Name: pokemon_abilities pokemon_abilities_pokemon_id_fkey; Type: FK CONSTRAINT; Schema: public; Owner: postgres
--

ALTER TABLE ONLY public.pokemon_abilities
    ADD CONSTRAINT pokemon_abilities_pokemon_id_fkey FOREIGN KEY (pokemon_id) REFERENCES public.pokemons(pokemon_id);


--
-- Name: pokemon_details pokemon_details_pokemon_id_fkey; Type: FK CONSTRAINT; Schema: public; Owner: postgres
--

ALTER TABLE ONLY public.pokemon_details
    ADD CONSTRAINT pokemon_details_pokemon_id_fkey FOREIGN KEY (pokemon_id) REFERENCES public.pokemons(pokemon_id);


--
-- Name: pokemon_stats pokemon_stats_pokemon_id_fkey; Type: FK CONSTRAINT; Schema: public; Owner: postgres
--

ALTER TABLE ONLY public.pokemon_stats
    ADD CONSTRAINT pokemon_stats_pokemon_id_fkey FOREIGN KEY (pokemon_id) REFERENCES public.pokemons(pokemon_id);


--
-- Name: pokemons pokemons_pokemon_type_fkey; Type: FK CONSTRAINT; Schema: public; Owner: postgres
--

ALTER TABLE ONLY public.pokemons
    ADD CONSTRAINT pokemons_pokemon_type_fkey FOREIGN KEY (pokemon_type) REFERENCES public.pokemon_types(type_id);


--
-- Name: pokemons pokemons_pokemon_xp_group_fkey; Type: FK CONSTRAINT; Schema: public; Owner: postgres
--

ALTER TABLE ONLY public.pokemons
    ADD CONSTRAINT pokemons_pokemon_xp_group_fkey FOREIGN KEY (pokemon_xp_group) REFERENCES public.xp_groups(group_id);


--
-- Name: pokemons_ratings pokemons_ratings_pokemon_id_fkey; Type: FK CONSTRAINT; Schema: public; Owner: postgres
--

ALTER TABLE ONLY public.pokemons_ratings
    ADD CONSTRAINT pokemons_ratings_pokemon_id_fkey FOREIGN KEY (pokemon_id) REFERENCES public.pokemons(pokemon_id);


--
-- Name: pokemons_ratings pokemons_ratings_user_id_fkey; Type: FK CONSTRAINT; Schema: public; Owner: postgres
--

ALTER TABLE ONLY public.pokemons_ratings
    ADD CONSTRAINT pokemons_ratings_user_id_fkey FOREIGN KEY (user_id) REFERENCES public.poke_users(user_id);


--
-- Name: user_activities user_activities_user_id_fkey; Type: FK CONSTRAINT; Schema: public; Owner: postgres
--

ALTER TABLE ONLY public.user_activities
    ADD CONSTRAINT user_activities_user_id_fkey FOREIGN KEY (user_id) REFERENCES public.poke_users(user_id);


--
-- PostgreSQL database dump complete
--

